komentar;label
Aplikasi ini bagus banget kalian harus download jangan lupa ya,;Positif
Aplikasi dijamin ya sudah terbukti membayar, ayo ikutan download ya kawan Makasih ya kawan,;Positif
Senang terus nonton video disini bagus-bagus konten,tidak monoton karena hadiah juga ada, pakai kode supaya dapat tambah-tambahan poin dan uang...,;Positif
Bagus sudah dibilang bagus,;Positif
Aplikasi kok begini Tapi bagus ini wajib download,;Positif
Untukmu pemilik Tiktok Terima kasih sebelum telah memberikan hadiah ke kami, yang awal di permudah dan lama-lama menjadi sulit. Terima kasih telah memberikan kami keuntungan, sehingga kami tetap bisa bertahan hidup. Saya perwakilan yang lain mohon kembalikan event sebelum dan dipermudah,;Positif
Aplikasi yang sangat bagus. Tapi tolong dong buat lagi misi check in dan misi tonton video. Jangan cuma ada misi undang orang aja. Karna dimana mana sekarang ini orang sudah pada download tiktok. Jadi susah buat undang orang. Terimakasih,;Positif
Ini kenapa sih aplikasi? Pas belum aku update masih bagus aja loh semenjak aku update akun lama ku hilang Padahal Susah cari follow sudah mau 1K followers  eh malah hilang please  mikir kenapa susah tau Cari followers  sudah gitu tiktok Error lagi Keluar sendiri sudah 7Ã— keluar sendiri Lemot juga ...,;Positif
Ini bagus banget loh kalian harus download sekarang juga kenapa lihat lihat kan sudah dibilang bagus,;Positif
Aplikasi bagus sekali,;Positif
aplikasi bagus,;Positif
tiktok bagus kok tidak jelek...,;Positif
Bang nama aplikasi apa kenapa lihat kebawa kan gue sudah ngomong di atas,;Positif
Mantap dah seru kali video,;Positif
Aku kasi bintang 3 dulu karna akun aku yang dulu terkena blokir aku mohon pulihkan akun aku yang dulu baru aku kasi 5 bintang,;Positif
Kenapa tiap saya bikin akun tiktok foto profil saya selalu dihilangkan dengan alasan ada pelanggaran???,;Negatif
3 bintang aja dulu soal koin event gak muncul diaplikasi Kalo sudah muncul saya kasih 5 bintang bila terperbaiki,;Negatif
Maaf dulu yah aku kasih dua bintang karna tiktok agak lemot,;Negatif
Padahal cuma posting biasa tapi kok bilang pelanggaran aneh,;Negatif
Jaringan bagus memuat terus jadi hapus aja,;Negatif
Tiktok bisa bertukar informasi sesama kawan kita,;Negatif
maaf dulu yah aku kasih dua bintang karna tiktok agak lemot,;Negatif
Aplikasi kadang ilang kadang ada icon misi dan coin jadi malesin,;Negatif
Nyobain dulu kalo sukses bintang lima makasih,;Negatif
Saya kasih bintang 2 dulu ya,;Negatif
Jaringan bagus tapi memuat terus jadi hapus aja,;Negatif
Tidak ada koin,;Negatif
Payah Pendapatan koin Makin Lama mengunakan tiktok makin sedikit pendapatan.. Ga nonton video ga dapat coin.. Harus ada Chekin share atau gimana gitu..,;Negatif
Kenapa saya ga bisa narik uang sih?solusi dong min,;Negatif
Download 65 mb selesai download jadi 400mb kok gitu sih,;Negatif
