,Label,CleanComment
0,Positif,aplikasi bagus
1,Positif,aplikasi mantap
2,Positif,download aplikasi jelek banget bohong ayu
3,Negatif,aplikasi bagus banget
4,Positif,aplikasi bagus banget download lupa
5,Positif,aplikasi dijamin terbukti membayar ayo ikutan download kawan makasih kawan
6,Positif,senang nonton video bagus bagus konten monoton hadiah pakai kode tambahan poin uang
7,Positif,bagus dibilang bagus
8,Positif,aplikasi bagus wajib download
9,Negatif,untukmu pemilik tiktok terima kasih hadiah permudah sulit terima kasih keuntungan bertahan hidup perwakilan mohon kembalikan event dipermudah
10,Positif,aplikasi bagus tolong misi check misi tonton video misi undang orang aja karna dimana orang download tiktok susah undang orang terimakasih
11,Negatif,sih aplikasi pas update bagus aja loh semenjak update akun hilang susah cari follow followers hilang please mikir susah tau cari followers gitu tiktok error lemot
12,Positif,bagus banget loh download lihat lihat dibilang bagus
13,Positif,aplikasi bagus
14,Positif,aplikasi bagus
15,Positif,tiktok bagus jelek
16,Positif,bang nama aplikasi lihat kebawa gue ngomong
17,Positif,mantap dah seru kali video
18,Positif,bagus banget aplikasi lihat emang aplikasi bagus
19,Positif,tiktok bagus download tiktok
20,Positif,tiktok bagus parah lihat kebawah orang bener bagus
21,Positif,aplikasi bohong hayu bagus banget nyesel banget kalo
22,Positif,setia aplikasi mendukung konten konten pakai kode hadiah login
23,Positif,aplikasi bagus banget lihat lihat dah bilang bagus dah download
24,Positif,aplikasi bagus
25,Positif,game bagus lihat
26,Positif,aplikasi masuk menghibur
27,Positif,aplikasi bagus banget
28,Negatif,aplikasi bagus lihat bilang bagus
29,Positif,aplikasi bagus banget
30,Positif,aplikasi bagus banget
31,Positif,aplikasi bagus banget lihat
32,Positif,aplikasi bagus banget suka
33,Positif,aplikasi seru
34,Positif,aplikasi bagus banget
35,Positif,mantep bangetlah aplikasi jajan mantul mari ramaikan saudara biar pakai klaim bonus yuk share biar bak tau
36,Positif,lucu lucu lucu lucu lihat kebawah
37,Positif,bagus banget aplikasi lihat bilang bagus bagus
38,Positif,aplikasi bagus
39,Positif,kasih tau aplikasi titik titik
40,Positif,bagus banget
41,Positif,aplikasi bagus
42,Positif,semoga tiktok update kouta habis update kau babi dah bilang dasar
43,Positif,aplikasi bagus kawan silahkan download silahkan dipake kode kawan tambahan poinmu
44,Positif,please tiktok akun takedown background vulgar anime takedown banget nyiapin konten gak melanggar takedown banget numpuk lupa kreator pamer bikini
45,Positif,jelek banget bohong hayuk
46,Positif,pengguna penikmat aplikasi tiktok senang lucu lucu menghibur hati gembira hilangkan kepenatan kejenuhan beraktivitas pandemi covid menghadapi psbb dilanjutkan ppkm gabut hati galau
47,Positif,keren banget program aplikasi tiktok banget bagus menyukai uang bak terhibur enjoy banget aplikasi
48,Positif,pokok bagus keren lihat
49,Positif,aplikasi bagus benget lihat dibilang bagus
50,Positif,bagus banget
51,Positif,masukan tiktok pertimbangan tiktok aplikasi dimiliki orang masukan adakan mode kolom komentar berkomentar keyboard papan ketik huruf model voice huruf
52,Positif,bagus banget lihat lihat bilang aplikasi bagus
53,Positif,aplikasiny bagus bohong canda emang bagus aplikasi
54,Positif,aplikasi bagus menarik lihat kebawah bilang bagus
55,Positif,bagus banget aplikasi suka banget bilang bagus aja lihat
56,Negatif,bagus
57,Negatif,akun tiktok dihapus gara gara spam komen spam komen kasih info orang biar kemakan hoax berita tiktok emang adil tiktok milkyxly semoga akun bak kenangan akun amin
58,Negatif,tolong tiktok oppo lag konten tiktok post layar hitam uninstall install crash layar hitam tiktok instal
59,Positif,tiktok gangguan penarikan saldo masuk kerekening jam mohon tiktok perbaiki penarikan saldo cepat biar gak nunggu sampe berhari terima kasih mohon bantuan tiktok
60,Negatif,tiktok aneh disuruh ngundang ngundang bangkrut mah tutup aja suruh ngundang hilangin aja undangan kasih banus aja nonton besarin bonus
61,Positif,aplikasi bagus banget
62,Negatif,aplikasi lawak lihat youtube aplikasi penghasil uang ketemu tiktok legit membayar scam ketaan download pakai link daftar suruh masukin kode dibilang penipuan kontrol maksud gimana aja main tiktok
63,Positif,aplikasi seru banget download
64,Negatif,saldo gagal tarik xiomi dah masukin referal nonton video kesini susah group penghasil uang tiktok bubar mohon kembalikan
65,Positif,aplikasi seru bagus
66,Positif,aplikasi seru banget
67,Positif,ihh enak banget bikin video nonton kasih bintang
68,Negatif,halo gin gimana tiktok masak penarikan saldo masuk kemarin butuh banget tolong kejelasan susah payah undang orang giliran penarikan saldo masuk tolong perbaiki pengguna kapok nonton orang joget
69,Positif,mantap video keren banget lihat lihat emang bagus
70,Positif,sumpah aplikasi jelek banget bohong
71,Positif,aplikasi bagus bangan download
72,Positif,bagus aplikasi menyukai
73,Positif,kesal kecewa dah malas instal tiktok nonto eror kalo tonton poin sesuai kuota habiskan nonton auto uninstall aja bikin pusing
74,Positif,kasih bintang bak video bagus keren pokok
75,Positif,tiktok platform video live stream sosial broadcaster sarana mengelola mengembangkan bisnis bertemu orang pamer bakat teman dunia kode undangan bak dipakai member tiktok
76,Negatif,yeay aplikasi tiktok penghasilan uang menonton video terbukti membayar
77,Positif,aplikasi super seru banget
78,Positif,aplikasi hadiah uang nonton video aja
79,Positif,bagus banget wajib download lihat
80,Positif,bagus banget njrotttt emg bagus
81,Positif,aplikasi menghibur bagus lihat kebawah dibilang bagus
82,Positif,aplikasi mantap banget ayo download aplikasi download
83,Positif,apalikasi bagus banget wajib download
84,Positif,sri download aja lihat lihat suruh download
85,Positif,aplikasi bagus banget lihat
86,Negatif,tolong video giveaway uang blokir aja bak aja orang pengemis komentar dihilangkan aja biar ngga netizen jahat komen biar ngga bikin malu tulisan busuk netizen nama indonesia
87,Negatif,emang tertarik tagar konten orang dimasukin blok org pake tagar masuk tiktok sih suka kapal dimasukin fyp
88,Positif,bagus banget aplikasi suka
89,Positif,bagus banget download lihat bilang bagus ngerti dah
90,Negatif,developer tiktok lag bak pengguna merasakan kesalahan teknis tolong diperbaiki man kemarin video video tiktok terimakasih
91,Positif,aplikasi bagus banget
92,Positif,tiktok jutaan bonus suka banget pakai aplikasi tiktok pakai kode bonus aplikasi aman
93,Positif,iri iri iri dengki yok mari pakai bak bonus buruan klaim kehabisan
94,Positif,suka banget tiktok
95,Positif,bacot aplikasi tai misi anjing bohong hayuk
96,Positif,asik koin tiktok diuangkan loh guy hoax pakai kode undangan koin
97,Positif,bagus aplikasi dibawah umur konten seumuran orang tua diawasi anak anak biar ngga kebablasan bak konten mendidik tiktok pendidikan memasak pengetahuan bak pokok pintar
98,Positif,bagus banget aplikasi karna aplikasi hiburan bak banget pikiran kuliah nambah nambah uang saku karna aplikasi menghasikan uang
99,Positif,aplikasi bagus buruan instal
100,Negatif,aplikasi buruk seru
101,Positif,wow bagus banget
102,Positif,bagus banget lihat kebawah uda kubilang
103,Positif,aplikasi bagus lihat
104,Positif,aplikasi seru lihat bilang aplikasi bagus banget
105,Positif,bagus lihat bilang bagus
106,Positif,bagus sulit dilupakan sampe memiliki luas follow aja kak nomor pimpinan dpr tertulis kecamatan tanjung priok pecahan planetisimal
107,Positif,aplikasi bagus banget
108,Positif,aplikasi bagus banget lihat lihat kebawah dah bilang bagus
109,Positif,suka tiktok bts army download tiktok seru
110,Positif,aplikasi bagus banget
111,Positif,hey dani yating kalo cewek sebarin aurat follow cari video cewek nutupin aurat hilang
112,Positif,aplikasi lawak lihat youtube aplikasi penghasil uang ketemu tiktok legit membayar scam ketaan download pakai link daftar suruh masukin kode dibilang penipuan kontrol maksud gimana aja main tiktok
113,Positif,aplikasi tiktok keren habis download bak video lucu trend menonton terhibur
114,Positif,makasih tiktok seleb makasih halu gede banget btw aplikasi menghibur wajib download
115,Positif,aplikasi sanggat keren nonton video lihat lihat pocong kah biang aplikasi bagus
116,Positif,aplikasi bagus
117,Positif,aplikasi cakep banget
118,Positif,wow bagus banget gabakal kaya orang
119,Positif,aplikasi bagus banget fiks pokok download
120,Negatif,tiktok kayak sampah masukin kode gagal mulu penipuan mulu emang nipu darimana masukin kode hilang lumayan uang nambah
121,Positif,tukang bangunan kerja padang plafon padang keramik pemasangan batu bata dinding bangunan pokok bak pengalaman bidang bangunan pengalaman tukang ojek kerja tani ladang pengalaman bola voli pengalaman melukis pengalaman laut mencari ikan
122,Positif,aplikasi bagus banget
123,Positif,aplikasi bagus
124,Positif,jelek banget bohong
125,Positif,bagus banget lihat lihat gua ganteng
126,Positif,aplikasi bagus banget tau aplikasi bagus aja lihat
127,Positif,aplikasi bagus banget
128,Positif,aplikasi bak informasi bermanfaat cepat saji cepat viral uang tunai lumayan bintang aplikasi kekurangan kekuranga kode undangan isi esok hilang
129,Positif,suka tiktok download aplikasi kakak cantik kepo
130,Positif,terimakasih tiktok ilmu ilmu dapatkan tiktok bak orang membagi pengalaman cerita kehidupan tip kehidupan terimakasih menciptakan aplikasi tiktok
131,Positif,bagus
132,Negatif,bismillah download aplikasi mengontrol dirimu aplikasi bak konten konten negatif ketahuilah raja mempui larangan larangan allah diharamkan dosa mendekati dosa
133,Positif,aplikasi penghasil uang didunia modal duduk nonton video suda jutaan orang membuktikan dibayar cepat penarikan uang upload video like share uang lewatkan uang tambahan poin tambahan
134,Positif,bagus
135,Positif,cuman hiburan bak manfaat ambil tiktok bak video edukasi inspirasi bermanfaat dukung aplikasi sukses tiktok
136,Positif,bagus banget lihat bilang
137,Negatif,hai admin turunin dikit resiko tiktok bak akun teman teman tiktok postingan blokir permanen melaporkan bak melaporkan akun blokir cek konten kasian dah bak
138,Negatif,hei bikin aplikasi bener tiktok seharus memuaskan pelanggan berpartisipasi maju coba lihat like meningkatkan aplikasi tamu tamu
139,Negatif,tiktok hadiah undang teman memproses misi menonton video hilang misi undang teman dipikir mudahkah cari pengguna susah orang terkenal kaya misi nonton video balikin dikit lumayan cuman
140,Negatif,terpaksa turunin bintang koin muncul sebentar pas nonton macet menit parah koin misi nonton hilang penarikan cair cair kecewa banget
141,Positif,tolong ramein tiktok jefranw seleb followers bak tolong yah video masukin fyp biar tau akun terimakasih tiktok love you much
142,Positif,suka banget download bagus banget
143,Positif,aplikasi cocok mengisi santai tolong tambahkan fitur dark mode android man instagram twitter dimana fitur dark mode terima kasih semoga tiktok merespons ulasan
144,Positif,aplikasi bagus emang bagus
145,Negatif,maaf admin terhormat susah memasukan kode undangan persulit biar pengguna tiktok bak kalah bersaing snack video
146,Positif,aplikasi bagus hiburan suka banget aplikasi menghasilkan uang suka banget tiktok mengumpulkan uang tiktok tarik saldo kasih bintang aplikasi bagus terimakasih ciptakan aplikasi makasih
147,Negatif,kesal banget install aplikasi menghabiskan kuota iming event undang temen masukin kode aja susah error trus aplikasi penipu
148,Positif,sumpah bagus banget game lihat
149,Positif,aplikasi terbaik terbukti menghasilkan uang mantap
150,Positif,bangun tidur pagi akun tiktok hilang buka pas download ulang daftar pas masukin tanggal lahir tulisan maaf memenuhi syarat tiktok terima kasih tertarik coba tolong dibenerin
151,Positif,
152,Positif,aplikasi bagus lihat lihat kepo
153,Negatif,please pulihkan akun kasih kesempatan hapus video ditiktok akun diblokir banget aplikasi akun digembok pulihkan kasih bintang awas aja data disalahgunakan
154,Positif,aplikasi bagus bagus banget lihat gua bilang bagus
155,Negatif,tiktok yah video hapus melanggar panduan komunitas privasi kena imbas email respon band ajukan konten pulihkan video terhapus tolong tiktok
156,Negatif,aplikasi beli coin masuk coin aplikasi tiktok tolong perbaiki pembelian coin rugi
157,Positif,aplikasi bagus download aplikasi
158,Positif,aplikasi bagus banget lihat
159,Positif,sih kalo scrol kebawah nemu aplikasi bagus baget lihat dah bilang bagus sih kau pikir bagus kagak
160,Negatif,halo admin tiktok aplikasi tiktok misi menonton video menit kecurangan aplikasi lakukan mereset factory ponsel ponsel login
161,Positif,bagus lihat orang dibilang bagus
162,Negatif,isi fyp video akun video orang uninstall install tiktok tolong perbaiki secepat
163,Positif,aplikasi bagus banget
164,Positif,aplikasi seru napa lihat lihat
165,Positif,bagus aplikasi bagus lihat lihat tampok
166,Positif,aplikasi penggunaan paket data saran pengembang aplikasi tolong tambahkan set resolusi layar biar video resolusi layar diatur rendah resolusi layar
167,Positif,aplikasi bagus banget seriusan bohongin bilangin bagus ngelihat kebawah
168,Positif,point nonton video hilang trus berhasil undang teman download kayak gak nambah reward uang point apapun salah
169,Negatif,protes berkomentar positif blokir maksud sih memposting video direkam layar tutorial dianggap melanggar komunitas memposting video rekam layar terblokir
170,Negatif,bagus banget bohong hayuk aplikasi jelek bak kaum perempuan menyebar aurat ditutup
171,Positif,aplikasi bagus banget lihat gue bilang bagus
172,Positif,woi pembuat aplikasi tiktok aplikasi bagus banget
173,Positif,gbhngnvmapytt masukan kode kurung pengguna instal tiktok jamin cash pengguna
174,Positif,aplikasi bagus
175,Positif,tiktok terkenal wajib download lihat
176,Positif,nyesel banget pilih aplikasi bohong aplikasi bagus banget
177,Positif,aplikasi bagus
178,Positif,aplikasi bagus menghibur gabut donwload aja tiktok bagus lihat lihat bilang bagus
179,Negatif,halo nama asep
180,Negatif,jujur pengguna tiktok buka tolong tiktok pembatasan karakter comment dikit banget doang nyusahin orang hidup mempaikan tolong minimal karakter aplikasi playstore tolong sumpah
181,Positif,akun ban followers gua follow bak orang gampang kau ban tolong tiktok mengembalikan akun nama akun areli evan tolong tiktok mengembalikan akun memai aturan mohon kembalikan
182,Positif,suka tiktok aplikasi bagus banget
183,Positif,jelek canda lihat kebawah bercanda
184,Negatif,sepakat anak aktif tiktok anak mengembangkan bakat imajinasi hapus aja aplikasi kalangan bak konten porno laporkan tanggapan melanggar panduan komunitas
185,Negatif,bug barusan salin link video kirim temen pas temen buka video link salin video beda video link salin mohon perbaiki annoy
186,Positif,umm hai lag video putar jaringan internet tolong perbaiki
187,Positif,aplikasi tiktok menghibur banget sih pas bosen gitu buka aplikasi tiktok terhibur bosen pas mood beraktifitas buka apikasi tiktok mood pokok tiktok terbaik saranin keseringan buka tiktok main
188,Positif,aplikasi super duper bagus menghibur sedia wajib download dijamin bahagia bak konten konten bermanfaat menghibur horor pokok download kecewa
189,Negatif,system panduan komunitas upload berbaur kejahatan kekerasan konten sexsual bak bak konten menonjolkan aman aja gak dihapus gua upload video aja hapus dibanned kontol konsisten
190,Positif,tolong bantu reset sandi hapus email terkait akun akun retas orang login tolong bantuan semoga tanggapan username piteklubpi
191,Positif,hallo admin tiktok menyukai aplikasi aktif tiktok alhamdulillah hasil bak like video bak follower bak banget verify
192,Negatif,tolong pencet not interest video bak muncul fyp tolong command not interest berguna btw akun qiyaaw
193,Positif,semoga postinganku fyp terimakasih
194,Negatif,jujur kesel banget sih tiktok login akun blok akun blok kecewa akun login akun pelanggaran langsung blok
195,Positif,halo devoloper tiktok mohon saran sih misi putar point perlancar aja betah akun pindah pindah sekian terimakasih semoga kabulkan amiiin
196,Negatif,admin tiktok kompeten kerjaan ngeblokir akun akun dilaporin alasan melanggar panduan admin tiktok membedakan konten melanggar konten disukai selera orang karna dilapangan bak konten
197,Positif,woyy admin tiktok jabodetabek tolong masukin fyp konten konten orang bolangg cibuburjaktim main tiktok sampe konten konten jarang banget masuk fyp konten konten orang selagi tolong masukin
198,Positif,sip gimana gitu pakai tiktok download coba terta bak edukasi trik dll bermanfaat ditampilkan fyp thank tiktok inovasi
199,Positif,bagus banget game pokok seru
200,Positif,terhibur tiktok kadang penat bosan pekerjaan melelahkan hibur buka tiktok memperbak teman saudara
201,Positif,suka aplikasi tiktok curahan hatiku menambah bak teman saudara terima kasih tiktok
202,Negatif,kecewa developer tiktok bikin system bedain akun real palsu real susah masukin kode gedein coin kehadiran koin nonton aja revisi bedain mah
203,Positif,senang bermain tiktok hiburan membosankan versi terbaru filter nambah pengalaman
204,Positif,tiktok koin pakai akun alamat amerika koin
205,Negatif,memasukan kode undangan pengguna keluhan lolos control penipuan keluhan kesalahan jaringan harap coba keluhan mohon diperbaiki tiktok
206,Negatif,tanda koin tama hilang gimana sih koin
207,Positif,jelek bohong hayuk
208,Negatif,jelek banget tolong nyiptain tiktok tolong perbaiki
209,Positif,pakai kaya kaset kalo dibuka
210,Negatif,sulit memasukkan kode undangan pengguna kecewa kebajikan tiktok besarkan hadiah menonton undang teman dibagikan kode undangan lolos kontrol penipuan
211,Positif,bagus aplikasi tiktok sedih senang bikin tiktok
212,Positif,iya aplikasi tiktok menghasilkan uang klau emang gimana gimana mengambil tolong paham terimakasih
213,Positif,semoga tiktok kebaikan joget
214,Negatif,admin dibalas keluhan uang habis
215,Positif,bagus bilang bagus download video diperbaiki
216,Positif,pemula lumayan sulit aplikasi menghibur
217,Positif,tiktok bagus menghibur orang
218,Positif,kemana koin hilang instal aplikasi tiktok lite saran aja aja keluhan
219,Positif,bagus pokok mah gak bkalan rungkad kalo dah kenal dunia pertiktokan mah
220,Negatif,woy anjing gua gak daftar goblok kalo gua kasih bintang tiktok goblok
221,Positif,bagus menghibur makasih tiktok
222,Positif,semoga rakyat sebangsa senegara
223,Positif,tolong koin hadir nonton menit adakan event undangan besarkan gara gara kode undangan bak bikin akun palsu curang bug akibat akun original error akun penipuan
224,Negatif,bintang aja heran aplikasi filter bak dipake sih tolong
225,Positif,ksih bintang aplikasi kenal orang berhadapan post duet orang ditiktok view
226,Positif,alhamdulillah ilmu bermanfaat
227,Positif,terima kasih tiktok aplikasi bagus lihat kayes jog cewek lai live stream mantap mantap kurangan pakai aja tiktok terima kasih
228,Positif,download gimana tolong diperbaiki mohon kerja
229,Negatif,tiktok kalo post video buram galeri bagus post buram gak
230,Negatif,masuk akun gak alasa sandi salah bener tolong diperbaiki balikin akun nama akunku alxxz tolong diperbaiki terimakasih
231,Positif,keren banget bikin terhibur love tiktok
232,Positif,memuaskan bagus
233,Positif,pisau buruk tergantung user alhamdulilah tiktok bak ilmu pengetahuan hiburan
234,Positif,suka banget nambah teman
235,Positif,tiktok menghibur banget download sekara
236,Positif,terimakasih tiktok hiburan diaplikasi pekit membaik
237,Positif,menyenangkan menghibur
238,Negatif,muncul logo koin restart berkali kali
239,Positif,dikasih bintang
240,Positif,kasih bintang tolong perbaiki tiktok koin
241,Positif,kasih bintang tolong perbaiki dimasalah coin undangan makasih
242,Negatif,buruk mencoba menonton video point hasil menonton
243,Positif,terhibur bak ilmu
244,Positif,fyp mudah fyp kasih bintang piraku tiktok priabaik
245,Positif,bagus disukai bak orang
246,Positif,kasih bintang aplikasi menghibur informasi informasi update aplikasi
247,Positif,keren bet sih maaf tau bilang kasih bintang aplikasi favorit
248,Positif,lumayan peluran bakat
249,Negatif,kasih bintang coba bintang
250,Positif,aplkasi keren
251,Positif,aplikasi bagus banget bermanfaat
252,Negatif,ngapus komen gua kemaren terima hah
253,Positif,tau tau makasih tiktok
254,Positif,hallo nama gra bilang kalo aplikasi bagus kasih bintang yah
255,Positif,suka aplikasi menghibur bak info info positif
256,Positif,tanda koin hilang koin bak
257,Positif,koin hilang gimana
258,Positif,bintang
259,Positif,kembalikan event nonton menit
260,Positif,happy merugikan orang bikin tersenyum tiktok
261,Positif,alhamdulillah aplikasi keren bagus
262,Positif,seneng pokok
263,Positif,aplikasi bagus
264,Positif,terima kasih tiktok hiburan mumet bak teman teman terima kasih
265,Positif,bagus menarik sukses pendapatan orang
266,Negatif,aplikasi bagus banget
267,Negatif,assalamualaikum coba pakai aplikasi tiktok bagus
268,Positif,bagus membantu
269,Positif,asik banget tiktok gua suka
270,Positif,aplikasi keren hiburan
271,Negatif,kasi bintang karna akun terkena blokir mohon pulihkan akun kasi bintang
272,Positif,memuaskan
273,Positif,suka tiktok
274,Positif,terima kasih tiktok hiburan sedih sebalik
275,Negatif,bikin akun tiktok foto profil dihilangkan alasan pelanggaran
276,Positif,menghibur
277,Positif,cari angka
278,Negatif,dark mode
279,Positif,cuman suka aja
280,Negatif,lumayan menghibur
281,Positif,aplikasi bagus ngehibur cepetan download aplikasi
282,Negatif,tiktok bak informasi
283,Positif,suka banget
284,Positif,fyp kadang kadang
285,Negatif,iklan aplikasi terusan iklan ganggu aja
286,Positif,tiktok menyediakan wadah bete hiburan pandemi
287,Negatif,bintang aja koin event gak muncul diaplikasi kalo muncul kasih bintang terperbaiki
288,Positif,sayang aplikasi tiktok duit negeri
289,Negatif,logo koin muncul user tolong diperbaiki
290,Positif,aplikasi bagus cuman bak pengemis point tiktok wowkwoowok miskin orang mbak rosting
291,Positif,penonton tiktok tiktok tersenyum
292,Negatif,tiktok bertukar informasi kawan
293,Positif,bagus cari poin muncul
294,Positif,alhamdulillah menghibur bagus
295,Positif,kasih terbaik kecewa
296,Positif,semoga konten gue bikin fyp yaaa
297,Positif,menghibur silaturahmi
298,Negatif,maaf yah kasih bintang karna tiktok lemot
299,Positif,aplikasi tiktok bagus menghibur
300,Positif,sih aplikasi cuman masuk kleuar cuman pertaan gimna iya aplikasi gitu biar editin video bikin ditiktok dislow gitu
301,Negatif,membantu
302,Negatif,aplikasi kadang ilang kadang icon misi coin malesin
303,Positif,bagus seru seklai aplikasi tiktok terima kasih
304,Negatif,sampah event susah event muncul
305,Negatif,nice konten hoax provokasi akun kreator diblokir suspend
306,Positif,kasih bintang please tiktok sopan seru please langsung blokir makasih
307,Positif,bagus kasih bintang tiktok duet
308,Positif,solusi kotak kado tiktok muncul
309,Negatif,bintang karna memasukkan kode misi
310,Negatif,gimana logo koin memunculkan point
311,Negatif,pasang foto profil hilang
312,Positif,bagus
313,Positif,aplikasi rekomen bagus
314,Negatif,akun buka dibalas
315,Positif,menghiburku
316,Positif,aplikasi bagus menghibur
317,Positif,seneng bikin hiburan luamayan terhibur
318,Positif,makasih tiktok aplikasi berguna
319,Positif,bagus cewek cantik yuhuuuu
320,Positif,mantap kejenuhan orang terobati aplikasi
321,Negatif,penarikan uang gagal mulu
322,Negatif,kalo bagus aplikasi tambahkan bintang
323,Positif,aplikasi pemersatu bangsa
324,Positif,bagus semoga tiktok gua cewe fyp
325,Positif,seru bikin ketawa
326,Negatif,perbarui misi menonton muncul
327,Positif,terhibur tiktok
328,Negatif,tiktok jelek sih tolong diperbaiki
329,Positif,bagus banget nemenin gabut
330,Positif,maaf update
331,Positif,tiktok membantu meyegarkan
332,Positif,pokok hiburan
333,Positif,suka
334,Positif,menghibur menghilangkan lelah
335,Positif,sumpah aplikasih tiktok memuaskan banggat sumpah kecewa dah
336,Negatif,aplikasi membayar downlod
337,Positif,keren banget
338,Negatif,snack video penarikan gampang gak susah misi gampang gak stak menit
339,Positif,makasih
340,Positif,suka tiktok suka tiktok semoga sukses sehat dimudahkan rejeki aminn
341,Negatif,saldo hilang cek transaksi kosong
342,Negatif,inti gaseasik ngerti kau sayang
343,Positif,terhibur banget aplikasi hiburan cocok
344,Positif,bagus sayang live blokir
345,Negatif,gambar
346,Positif,mempererat tali silaturahmi
347,Negatif,post bilang pelanggaran aneh
348,Positif,suka tiktok
349,Positif,viewers akun ngestuck mulu njer penonton
350,Positif,makasih tiktok mantappp
351,Positif,menyukai tiktok
352,Negatif,nonton parah min
353,Positif,epep online
354,Positif,menghibur bekarya karya tersediri
355,Negatif,masukin kode ganti akun gimana sih
356,Positif,fxda jwpww koin
357,Positif,susah koin
358,Positif,suka tiktok
359,Negatif,nyobain kalo sukses bintang makasih
360,Positif,waw aplikasi mantap bohong
361,Positif,bagus menghibur
362,Positif,bagus hiburan
363,Positif,efek glow gak tiktok burem smua efek gak
364,Positif,
365,Positif,bagus pokok mah
366,Positif,mantap mudah
367,Positif,terbaik menghibur
368,Positif,uang
369,Negatif,akun blokir norak unduh
370,Positif,semoga mantap
371,Negatif,enak
372,Positif,lanjutkan prestasimu nak
373,Positif,tiktok bagus
374,Negatif,koin
375,Positif,main tiktok menghibur bayak temen
376,Positif,semoga berkarya
377,Positif,piknik cari pengalaman
378,Positif,suka banget main tiktok
379,Positif,pengalamaman cetek
380,Positif,bagus menghibur
381,Negatif,postingan susah masuk beranda
382,Positif,bagus hiburan
383,Positif,bagus menghibur
384,Negatif,logo bonus muncul
385,Positif,aplikasi menarik
386,Negatif,kasih bintang
387,Positif,bagus hiburan
388,Negatif,kalo bagus bintang
389,Positif,bagus hiburan
390,Positif,aplikasi bagus menarik
391,Negatif,jaringan bagus memuat hapus aja
392,Positif,video video gila
393,Positif,poko tiktok indah but hiburan
394,Negatif,koin
395,Negatif,logo koin
396,Positif,bagus
397,Positif,semoga event yaa
398,Positif,aplikasi bagus
399,Positif,suka tiktok
400,Negatif,kecewa developer tiktok bikin system bedain akun real palsu real susah masukin kode gedein koin kehadiran koin nonton aja revisi kalo bedain mah
401,Negatif,memasukan kode undangan pengguna keluhan lolos control penipuan keluhan kesalahan jaringan harap coba keluhan mohon diperbaiki tiktok
402,Negatif,tanda koin tama hilang gimana sih koin
403,Negatif,bintang aja heran aplikasi filter bak gak dipake sih tolong
404,Negatif,assalamualaikum coba pakai aplikasi tiktok bagus
405,Negatif,dark mode
406,Negatif,tiktok bertukar informasi kawan
407,Negatif,maaf yah kasih bintang karna tiktok lemot
408,Negatif,aplikasi kadang ilang kadang icon misi coin malesin
409,Negatif,nyobain kalo sukses bintang makasih
410,Negatif,kasih bintang
411,Negatif,jaringan bagus memuat hapus aja
412,Negatif,koin
413,Negatif,tiktok poin saldo gak logo notifikasi undangan
414,Negatif,tiktok error pemutaran jam
415,Negatif,upload ketiktok gak alias gitu
416,Negatif,poko mantap menghilangkan jenuh
417,Negatif,kasih bintang karna tiktok macet halo hpku oppo
418,Negatif,hai kalo yah aplikasi bagus
419,Negatif,seukuran aplikasi video aplikasi bak memakan penyimpanan
420,Negatif,gak nerima kode undangan pengguna tiktok aneh
421,Negatif,payah pendapatan koin mengunakan tiktok pendapatan nonton video coin chekin share gimana gitu
422,Negatif,nama coba iya kasih bintang aja bagus
423,Negatif,lihat tiktok lite tiktok tiktok palsu
424,Negatif,tiktok hapus diplaystore mendownload jalan jalan downloadtan
425,Negatif,tiktok tiktok isi kreatifitas isi banci anak alay anak gaya caci maki tetangga cewek burik pakai tepung dimuka kembalikan tiktok tiktok isi sampah tiktok blokir
426,Negatif,narik uang sih solusi min
427,Negatif,download selesai download gitu sih
428,Negatif,konten konten sampah cewek mulus sex dll masuk beranda tolong blokir orang orang konten dipebaiki kasih bintang
429,Negatif,hormat musical kecewa pembaruan aja kecewa pembaruan mohon maaf musical dikembalikan maaf salah
430,Negatif,event ngebug perbaiki man
431,Negatif,keakun tolong diperbaiki capek berjuang sampe beribu keakun
432,Negatif,seru banget sumpah nonton
433,Negatif,didownload sil bagus maaf kasih bintang
434,Negatif,bad gak gak video bikin kesel aja
435,Negatif,transisi jelek banget suka lag
436,Negatif,please tiktok tolong jelasin gak buka tiktok habis download buka gak tolong tiktok hpku gak
437,Negatif,kasih bintang coba bagus ditambahi
438,Negatif,tiktok asli seh bingung njir tiktok asli
439,Negatif,sumpah bingung upload video jam gak nonton gak like yaa
440,Positif,keren banget program aplikasi tiktok banget bagus menyukai uang bak terhibur enjoy banget aplikasi
441,Positif,bagus aplikasi menyukai
442,Positif,aplikasi hadiah uang nonton video aja
443,Positif,bagus lihat bilang bagus
444,Positif,aplikasi terbaik terbukti menghasilkan uang mantap top
445,Positif,bagus lihat orang dibilang bagus
446,Positif,point nonton video hilang berhasil undang teman download kayak gak nambah reward uang point apapun salah
447,Positif,umm hai lag video diputar jaringan internet tolong perbaiki
448,Positif,semoga postinganku fyp terimakasih
449,Positif,menyesal download aplikasi pengguna bak membuktikan aplikasi bagus karna menghibur bermanfaat bonus uang aplikasi cocok kalangan
450,Positif,maaf tiktok mengadakan event persulit perekonomian sepi dipersulit kode undangan lolos kecewa tolong diperbaiki terimakasih
451,Positif,koin gak nambah nonton video gak nambah pendapat
452,Positif,disayangkan bak pengguna wanita medari video dijoin laki video emoji cinta kasih wanita menjatuhkan martabat wanita publik
453,Positif,sih bagus pas post video video burem gitu video asli burem jujur kecewa banget iphone dlu biar burem
454,Positif,mintak tolong min harian code tiktok gagal undang temen maksud pengguna tiktok memasukkan code tiktok gagal curang min download link tolong bantu secepat code tiktok min gbc cacbmpytk
455,Positif,aplikasi bagus banget buruan downlodd lihat bilang aplikasi bagus banget
456,Positif,gak diputar video lag lag gitu loh jaringan bagus banget tolong banget diperbaiki
457,Positif,halo tiktok buka tiktok duetin video orang gak tertulis kalo buka aplikasi video membuka tiktok tolong dibantu multi
458,Positif,mengajak orang download susah pas orang handphone diundang download habis masukin kode error lolos kontrol penipuan akun bonus nonton gede parameter kontrol penipuan
459,Positif,tolong tiktok permudahkan akun tiktok menarik saldo minggu gagal tanggapan mohon kerjasama terimakasih
460,Positif,mengisi kosong menemukan inisiatif kreatif pengguna tiktok harapan penghuna tiktok berpikir kemampuan
461,Positif,bagusya bagus
462,Positif,sih fyp tiktok bikin panas mulu sih pembuat tiktok maksud iri hati uwuwu stop very angry tiktok
463,Positif,aplikasi jelek banget bohong hayuk aplikasi bagus banget
464,Positif,aja tiktok aja perbaikan susah masukin kode ref susah penarikan walet niat duit gsk sih payah tok unisntall aja bangsat
465,Positif,seneng banget menemukan aplikasi aplikasi menghasilkan uang asli tiktok mantap terta beneran terima kasih
466,Positif,aplikasi lihat pokok bagus
467,Positif,aplikasi bagus banget suka lihat lihat dah bilang aplikasi bagus
468,Negatif,tiktok suka lambat
469,Negatif,menyesal nonton tiktok terkena berita bohong
470,Negatif,aplikasi pembohongan
471,Negatif,kali tolong filter video bak adegan kekerasan
472,Negatif,tiktok jelek
473,Negatif,bagus sih patah patah sih penyimpanan gue aman gue pakai wifi kuat banget salah handphone gue
474,Negatif,bak adegan anak
475,Negatif,aplikasi manfaat
476,Negatif,aplikasi penipuan
477,Negatif,tiktok shop bohong gratis ongkos kirim
478,Negatif,akun login dikasih kebijakan privasi gak disuruh menyetujui dimana tolong kalo gini repot akun hilang shabrinaaqela terima kasih
479,Negatif,download tiktok
480,Negatif,aplikasi bagus
481,Negatif,puas layanan aplikasi
482,Negatif,kecewa tiktok kouta habis
483,Negatif,aplikasi mengecewakan
484,Negatif,merekomendasikan aplikasi anak anak
485,Negatif,tiktok aplikasi
486,Negatif,bak video mengandung kebohongan
487,Negatif,tiktok keren
488,Negatif,fyp bak video bagus
489,Negatif,menonton video tiktok tertarik
490,Negatif,lemot pindah bahasa ngerti
491,Negatif,update aplikasi tiktok lag
492,Negatif,tiktok koin pembohongan uang hilang
493,Negatif,seru
494,Negatif,mohon maaf tiktok diakun tiktok salin komen kalo salin link link video youtube motivasi sastra tolong tiktok akun bermasalah emang ilangin fitur
495,Negatif,tiktok tolonglah uang hasil ngundang ngundang mulu nonton video teman gak diajak kerja please
496,Negatif,aplikasi gak download tiktok memasukkan kode nungguin download buang buang data
497,Negatif,video live mengecewakan tiktok
498,Negatif,aplikasi jelek banget
499,Positif,aplikasi bagus banget lihat tau bagus
500,Positif,aplikasi bagus event nonton video kalo kasih event penikmat video terimakasih semoga admin merespon
501,Positif,akun mengundang teman diatas tulisan undang ganti tulisan tonton dapatkan gimna mengundang teman
502,Positif,sukses tim tiktok akun ianskuy beralih akun pro mohon ditindak lanjuti terimakasih
503,Positif,tiktok lihat video sebentar koin berputar tulisan bonus mohon bantuan
504,Positif,suka aplikasi konten anak
505,Positif,bagus aplikasi and menghibur kasih bintang aplikasi menghasilkan uang uang hasil menonton video halah perak mengumpulkan koin
506,Positif,aplikasi bagus kadang kadang fyp isi video ngawur ngawur nonton video terkait haduh kedepan tolong diperbaiki
507,Positif,aplikasi bagus bagus
508,Positif,aplikasi bagus lihat lihat bilang bagus
509,Positif,tiktok aplikasi anak muda jaman hidupku tiktok serujugaa duit
510,Positif,aplikasi bagus
511,Positif,aplikasi bagus bermanfaat cari video menambah wawasan pengetahuan miris bak tiktok tujuan negatif terimakasih
512,Positif,assalamualaikum min cerita keluhan main tiktok aja buka tiktok menit signal bagus buka komentar gak scroll gak koneksi jaringan gagal pakai wifi signal gede tolong tiktok benerin bug huh
513,Positif,bagus kadang suka suka load ulang diberanda bagus diperbaiki update thank
514,Positif,tolong sediakan fitur history kepencet refresh kalo cari vido refresh sulit banget ngga inget username akun mohon banget beneran
515,Positif,aplikasi bagus respon mengajukan pertaan balas feedback konten kreator
516,Positif,aplikasi jelek banget bohong
517,Positif,bagus banget woy
518,Positif,misi menonton video menit hilang muncul muncul melalukan pelanggaran kecurangan apapun tolong perbaiki min
519,Positif,bagus banget aplikasi mohon dikurangin video joget aurat bertebaran
520,Positif,aplikasi bagus ayo download biar gak penasaran
521,Positif,menyukai aplikasi bagus terhibur lihat video
522,Positif,bagus lihat dibilang aplikasi
523,Positif,aplikasi
524,Positif,video negeri tiktok hebat
525,Positif,tiktik emang oke sayang poin menurun
526,Positif,suka sih tombol dislike
527,Positif,suka banget aplikasi bagus video terkini uang tonton video
528,Negatif,bak video berbobot
529,Negatif,target iya cuman undangan doang beli akun
530,Negatif,gue seneng aplikasi tiktok gak galau tiktok uang tunai nonton uang
531,Positif,aplikasi bagus banget but error gue download watermark kaya google masala gue tau salah error gitu pas baca terta aplikasi tiktok gimana bund gue ijin admin watermark argghh
532,Negatif,aplikasi bagus
533,Negatif,kasih bintang kouta habis cepet ditiktok video ditonton orang orang
534,Negatif,masuk kerja anak masuk sekolah nasib nasib
535,Negatif,tiktok anak susah belajar
536,Negatif,aplikasi produktif
537,Negatif,coint tiktok jalan cuman ngarepin coin tiktok ngundang temen
538,Negatif,seru event koin
539,Negatif,tombol check gak nonton video tahap gak muter muter dah nonton menitan tolong bantuan
540,Positif,hai tiktok maaf tindak kesalahan mohon kembalikan akun muhammadfaiz diblokir maaf terima kasih bak
541,Negatif,video fyp
542,Positif,kak beli barang ditiktok pas diklik beli tulisan toko tersedia akun gimana kak solusi
543,Negatif,terkadang video menghibur
544,Positif,aplikasi bagus
545,Negatif,tiktok bak video pembohongan
546,Positif,aplikasi bagus menambah akun tiktok terimakasih
547,Negatif,suka lemot video
548,Positif,terhibur banget aplikasi bagus menghibur hadia uang
549,Positif,kelas main tiktok bosan mempaikan terimakasih pencipta tiktok
550,Negatif,tolong tiktok penarikan saldo gak berkurang tolong tiktok proses secepat
551,Positif,bagus tolong ditingkatkan fitur mengedit
552,Positif,bagus suka aplikasi menghibur uang
553,Negatif,update tiktok lag
554,Positif,kalo bak masuk duit gue tambahkan gue full dah bos
555,Positif,susah nyelesain misi suka erorr misi harian kadang muncul mengundang teman erorr
556,Positif,bilang tiktok lucu aplikasi mengizinkan konten berbau provokasi hujatan berbau sara orang berkomntar balasan kalo orang berkomentar negatif dibatasi diblok mngizinkan konten ditampilkan
557,Positif,tolong perbaiki akun mengikuti misi harian mohon bantuan aplikasi tiktok
558,Positif,maaf kasih bintang fitur nonton iklan nonton video menit gak
559,Positif,hallo admin tiktok tolong bantu masuk akun tiktok lupa sandi email
560,Positif,bagus aplikasi sih hasil undang teman memproses teman aktif menonton snack video tolong kecewakan
561,Positif,tiktok gak aja poin seminggu nonton gak poin
562,Positif,aplikasi gak download akun hangus bak followers
563,Positif,kasih bintang aja semoga allah swt memperlancar amin tambahkan bintang
564,Positif,tiktok seru banget dah lihat video orang bagus ngonten kasih bintang
565,Positif,aplikasi bagus bgt ngehibur tapii sayang rada lag keganggu gitu mohon maaf tolong kasih update kalo biar memakai aplikasi man aplikasi
566,Positif,orang gak masukin kode refferal sih error mulu coba kasih tau
567,Positif,lelet efek bagus bagusan capcut gak tau gak bohong serius kadang macet aplikasi
568,Positif,terimakasih tiktok menyediakan dada paha gratis bro ngetik ngmtd aja komen anjing
569,Positif,bagus sih cuman yah report akun haters please mohon bantuan konten kebencian kayak gitu takedown nonaktifkan komentar kebakan anak mohon bantuan
570,Positif,bagus sih aplikasi tolong tiktok blokir akun emang salah bikin video darimana kesalahan mohon diperbaiki
571,Positif,halo semoga tiktok ketikan pengguna tiktok gak disalin
572,Positif,enak fyp random knp fyp isi berita tolong please video aja berita fyp bosen lihat tiktok berita badminton mulu
573,Positif,bagus btw tau daftar kasih tau pencet tulisan pinggir pencet daftar pencet nomor email pilih tanggal umur minimal
574,Positif,mohon maaf admin solusi diriku pengguna diriku daftar akun tugas memasukan kode undangan belom pake memasukkan kode undangan diriku memasukkan kode undangan
575,Positif,min event check menonton video batesin biar semangat lihat tiktok
576,Positif,suka aplikasi lihat dibawah tau bagus
577,Positif,aplikasi jelek bohong aplikasi bagus banget
578,Positif,bagus banget aplikasi
579,Positif,aplikasi video bagus kendala poin sayakan pengguna bikin account tiktok mengundang teman poin tepap bertambah
580,Positif,kasih bintang tiktok lag jaringan bagus update lag mohon diperbaiki
581,Positif,emang bagus video privasi view dah privasi min hapus privasinys ilangin privasi kerja min fyp pas fyp video privat tolong hilangin yah privasi mohon kerja min tolong direspon read yah
582,Positif,aplikasi bagus tiktok indonesia menghapus video porno karna menimbulkan dampak negatif bak anak main tiktok mohon tolong hapus video berhubungan terimakasih
583,Positif,gagal penarikan saldo tiktok dana tolong diperbaiki
584,Positif,poin teman memakai kode tulisan memproses
585,Positif,aplikasi bagus banget hacker akun kehack tolong hacker ban akun tiktok
586,Positif,halo tiktok ramein akun kakak ngga kalo akun sukakamu
587,Positif,kasih bintang kendala bonus point undangan teman proses dibetulin bintang
588,Positif,aplikasi dihpku kesal buka tiktok langsung gimana sih
589,Positif,jelek banget bohong bagus banget lihat lihat
590,Positif,tambahkan fitur komen chat kirim foto video tambahkan darkmode andro tambahkan fitur tag video fitur edit caption fitur salin link berkali sengaja refresh tambahin fitur merefresh gitu aja
591,Positif,min tiktok lag tolong diperbaiki min memoriku penuh jaringan bagus
592,Positif,aplikasi bagus lambat download download menyesal
593,Positif,tiktok lag patah patah orang mohon diperbaiki
594,Positif,aplikasi bagus bijak sesuai umur
595,Positif,tiktok bagus bikin orng ketawa kurangin film aneh takut kalo bocil tonton aneh tiktok mata rusak rusak dikurangin film aneh tiktok btw kasih bintang makasih
596,Positif,gak koin tonton video
597,Positif,puas aplikasi semoga berkembang semoga akun fyp amin
598,Positif,emang aplikasi bagus video keren keren ditonton
599,Positif,assalamualaikum aplikasi tiktok sih bener duit main tiktok koin gak bertambah gak misi nambah koin cek gak misi tolong kasih bantuan kalo misi bintang sekian terimakasih
600,Positif,bagus aplikasi menghibur disaat tonton video
601,Positif,pas diperbaharui tiktok lemot kamera bagus
602,Positif,bagus konten kreator tiktok ngedit lirik musik kalo suka macet video ketahan tiktok viewers banget kadang nol followers belom live kalo live
603,Positif,misi nonton video engga hasil nihil perbaikan percepat bener kasih bintang
604,Positif,bagus aplikasi bonus uang mantap
605,Positif,bagus banget aplikasi tonton video biar bonus
606,Positif,izin mempaikan tolong akun tiktok berbeda muncul event sperti temen akun tiktok daftar mohon perbaiki min
607,Positif,menit gak jalan mainin error kah
608,Positif,menghapus akun tiktok lupa password nama email akun tiktok rusak solusi bintang
609,Positif,aplikasi bagus habis update versi gak salin komentar
610,Positif,bagus aplikasi bonus uang serba terhibur
611,Positif,bagus aplikasi tiktok menghibur disaat tonton video gak jenuh tertawa
612,Positif,memasukan nomor pas lahir ngga memakai kakak umur
613,Positif,aplikasi bagus lihat kebawah bilang bagus
614,Positif,hai tiktok ramein video akun jjovanka gak kalo ramein
615,Positif,yaa post video gak fyp video kemarin fyp ngedit berjam jam kaga fyp terimakasih
616,Positif,koin gak berubah orang undang ceckin sampe
617,Positif,aplikasi bagus disaat melaporkan konten mengarah kekerasan ujaran kebencian dll alasan video mengandung unsur mengandung unsur
618,Positif,good aplikasi every all people gak nonton klip video kalo nambah poin
619,Positif,belajar main tiktok tolong bantu pandemi biar bertahan cari tambahan follow sobat bantu
620,Positif,bagus sih bagus tolong gua gak kena pelanggaran kalo diperbaiki
621,Positif,cakep banget aplikasi menghibur maju tiktok video uang menghibur
622,Positif,suka event saldo pengguna kreator good luck
623,Positif,aplikasi bagus kasih bintang konten konten menyesatkan ketelanjangan pornografi report muncul
624,Positif,bagus semalam lihat tiktok koneksi lancar lihat instagram youtube laporan kirim masukan gak gak koneksi gimana sih koneksi internet full macet aja teman gak tolong
625,Positif,sih aplikasi bagus konten video bikin terhibur bikin ketawa
626,Positif,bagus banget aplikasi terhibur tiktok penuh kejenuhan ngopi ama ngerokok
627,Positif,aplikasi bagus banget akun kena blok alasan
628,Positif,please tiktok fitur scroll otomatis kalo makan lihat tiktok ribet
629,Positif,membantu bore videoku gapernah fyp sekian gitu aja
630,Positif,kode koin tambahan terbak tiktok emang terkeren
631,Positif,gak gue gak dowload aplikasi terta bagus ketawa ckckckckckckckckckckckckck
632,Positif,hai sobat menyenangkan kecewa tugas tiktok selesaikan koin gak nambah koin berjalan berputar koi dibawah koin dikasih penjelasan aplikasi tikitok admin
633,Positif,aplikasi tau kasih bintang bagus tambahkan bintang
634,Positif,bagus sih dapatin duit real sayang tugas menambah poin menonton menit aja kalo tugas perhari menambah poin
635,Negatif,aplikasi jelek banget
636,Positif,assalamualaikum mohon maaf tiktok aplikasi buka komentar gini orang berkomentar komen tolong diperbaiki yah aplikasi bagus
637,Positif,tiktok tolong cek fyp orang usa gak indonesia gak asik cek komen bak pengeluhan
638,Positif,mohon bantuan tiktok memperbarui tiktok pas menonton tiktok macet mohon bantuan tiktok
639,Positif,game bagus lihat cantik bilang
640,Positif,wow bagus banget aplikasi
641,Positif,kurangi bintang buka tiktok tolong diperbaiki
642,Positif,aplikasi bagus koin gak muter dah muter kasih
643,Positif,tiktok bonus gak jalan klik tanda bonus gak berputar
644,Positif,kak developer koin gak jalan dikolom pilihan pilihan menonton
645,Positif,sebenar bagus pas klik bonus gak tulisan misi engga
646,Positif,maaf kasi bintang bak followers suka gak dikasih saldo
647,Positif,kasih kalo poin kasih bintang menonton video poin akun poin misi menonton video nonton video poin event berjalankah
648,Positif,cakep banget aplikasi bikin tonton video bikin tersenyum
649,Positif,aplikasi bermanfaat banget pengetahuan tergantung sih mantap sih pokok
650,Positif,kasih bintang berta tarik tukar uang uang belom masuk rek laporan dana masuk rekening tulisan doang cek gak masuk rekening
651,Positif,gemes bagus bagus
652,Positif,saldo mpe diambil gak hilang saldo mohon bantuan terimakasih
653,Positif,developer tolong banget dikasih fitur reply biar gak bingung pas chat bingung ngetik cepet
654,Positif,akun diblokir apapun melanggar panduan komunitas tiktok mohon bantuan akun blokir
655,Positif,suka aplikasi tiktok senang mengunakan aplikasi tiktok
656,Positif,ayo gas coba aplikasi tiktok nama aplikasi keren angel mantap lupa like and comment
657,Positif,maaf tiktok ngeleg tolong diperbaiki gak man banget karna tolong
658,Positif,alhamdulillah tiktok membantu nambah penghasilan mohon admin bonus nonton gak dibeda bedakan mengikuti merk misi nonton poin menitip vivo teman merk xiomi penghasilan misi poin
659,Positif,bagus lihat bilang bagus bagus
660,Positif,kasih duit nanggung koin berkurang
661,Positif,seru ngasilin uang kadang bug bikin chalenge gak ikutan
662,Negatif,aplikasi jelek
663,Positif,maaf kasih bintang koneksi jaringan stabil youtube aja nonton tiktok baca komentar gimana coba orang jaringan lancar tolong diperbaiki menyinggung
664,Positif,point gak nambah follow jam
665,Positif,suka aneh duit tiktok nguras baterai doang punten
666,Positif,fitur tiktok bagus ngedit video lihat video orang menarik
667,Positif,silahkan memasukan code undangan gbgp yzg point penukaran uang
668,Positif,bagus
669,Positif,bagus sih kadang komenku gak post tolong diperbaiki
670,Positif,lag tiktok jaringan bagus
671,Positif,halo developer masukin ramein akun cuthieebloom gal makasih
672,Positif,suka aplikasi karana menghibur ngilangin sedih
673,Positif,kasih masukan update aplikasi fitur simpan keep ditiktok kaya instagram bikin kategori penyimpanan karna gak video download keep doang pake fitur simpan aplikasi biar gampang klasifikasi konten disimpan aja gitu
674,Positif,gue kasih bintang tiktok keseringan update mohon keseringan update
675,Positif,akun gagal penarikan event beda nggak kaya aneh banget
676,Positif,assalamualaikum saran tolong dijadikan kayak uang aplikasi tolonglah admin kaum rebahan rumah tolong dibantu admin
677,Positif,mohon konten politik rasis provokator blokir min kadang ajang adu domba tiktok konten gak tiktok ajang hiburan lucu ajang politik provokator gak ayolah min benahinn
678,Negatif,pilih genre tiktok isi lgbt kegoblokan orang contoh gay ragil bugil drama gak uya kuya kalo masak masak kayak dim the meat guy berguna gak medy renaldy gerald vincent mengedukasi fyp kegoblokan
679,Positif,gak misi menonton video download gak uang puter video
680,Positif,kak puku cari uang maaf kasih bintang
681,Positif,bagus banget refresing mata
682,Positif,ampuh mengusir bosan ppkm ikon duit jing
683,Positif,senang aplikasi tida masukan kode undangan
684,Positif,jelek banget bagus banget
685,Positif,klaim hadiahmu kode diatas
686,Positif,kak kalo ganti nomor rekening dana gak ganti akun please
687,Positif,developer tiktok tambahkan poin login sehari poin semoga komentar diterima
688,Positif,nonton video koin parah tiktok menghabiskan sia sia
689,Positif,perhatikan langkah berkreasi warga family kelas sekolah dasar
690,Positif,bagus sih tiktok tolong orang gak sopan ketikan and miris tolong banget please toleransi gimanapun sopan main tiktok gak risih please banget tiktok indonesia
691,Positif,suka aplikasi sayang berubah kemarin nonton video mnit bonus berubah bonus jdi mohon perbaiki biar semangat menonton biar terhibur
692,Positif,bagus bangeet cie penasaran
693,Positif,bak update gue update selaras disuruh update
694,Positif,orang ajak pengguna point proses diproses alasan
695,Positif,gak ngedaftar sih pas disuruh tulis bearap lahir gak
696,Positif,gak livestreaming sih followers
697,Positif,keren aplikasi bagus banget
698,Positif,alhamdulillah bertambah teman kadang bikin ketawa sedih baper kadang video ngeselin
699,Positif,buruan download berbagi hadiah memasukan gcaag pys
700,Positif,tiktok bagus banget lihat kebawah
701,Positif,oke aplikasi pilih kasih video akun diblokir
702,Positif,down video tiktok google mohon benarkan
703,Positif,asyik santai hiburan capek
704,Positif,bagus pas diklik bonus gak
705,Positif,pas penarikan hubungkan akun dana tiktok memasukkan nomor dana pas masukan pin dana salah cobak akun dana pin password ganti gimana tolong
706,Positif,please tolong tiktok salin komentar update tetep gak
707,Positif,sumpah keren lihat kebawah gue bilang keren
708,Positif,senang tiktok bak hiburan lelucon kreatifitas
709,Positif,fitur bookmark video dipecah pecah folder kayak instagram pengguna android
710,Positif,promosi gak hapus tiktok gak
711,Positif,mantap aplikasi kasih hiburan uang berkenan masukan kode undangan silahkan gbhsxpbbvxytb
712,Positif,daya protes event coint tiktok gue penikmat gratisan gua berharap smoga aplikasi kasi harapan palsu
713,Positif,tiktok tolong peringati akun bernama clara alexander memilih bts bts ganteng soeharto orang suka anime sedih kesal tolong diblokir akun peringatin blokir orang sedih
714,Positif,tolong upload video gak nonton solusi
715,Positif,gue kasih bintang dikarnakan point mendadak hilang akun original gak curang undang teman lumayan double akun pure main tiktok akun
716,Positif,kak undang temen temen gak masukkan kode disana koin sesuai janjikan klo rujukan disana hadiah kalo invite temen gak koin masuk pas temen download disana gak masukkan kode gimana
717,Positif,bagus sih muncul kode coint update ganggu
718,Positif,tolong bantu mempomosikan video metode pembayaran tong dibantu please
719,Positif,aplikasi bagus coba tambahkan tombol ikuti tab pengikut mengikuti biar pas follow back gak repot gak kena limit kasih bintang makasih
720,Positif,berkurang koin alhamdulillah dpt thank tiktok tolong diperbaiki koin gak menerus
721,Positif,bagus aplikasi menghibur banget sumpah gak percaya gak nyesel
722,Positif,aplikasi lumayan bagus cocok hiburan mengisi luang
723,Positif,ayo download aplikasi mumpung event lupa masukin kode referal biar reward yuk sampe kelewatan event yah
724,Positif,tiktok bagus banget
725,Positif,tiktok lag gak tau pakai wifi jaringan lancar
726,Positif,keren bngat hoyong min point tontonan misi gak masuk aja berjam jam nonton video point harian gak masuk sih gak berubah tolong diperbaiki
727,Positif,wwe sepakbola joget jedagjedug game seru banget bosan download
728,Positif,tiktok tau akun blokir karna melanggar panduan komunitas sampe takut kena blokir permanent gak balas komen upload video
729,Positif,suka tiktok suka gak bak kasih bintang
730,Positif,aplikasi manfaat asli bak ceramah ceramah bagus poin transfer rekening gak sampe sampe huhuhuhu gak kalo gitu
731,Positif,hallo mohon bantuan menyelesaikan misi bonus menerima undangan mohon bantuan bonus
732,Positif,lumayan bagus bener
733,Positif,game bagus banget uji coba kalo anak
734,Positif,download generasi ketergantungan bangga main tiktok inget tiktok hiburan tantangan berat selanjut bakin belajar tiktok paham
735,Positif,tolong respon kak nonton video gak koin mohon bantuan kak respon terimakasih
736,Negatif,bikin video like gak aplikasi like gimana sih gak suka
737,Positif,bosan pakai aplikasi gitu gitu aja membosankan pendapatan koin
738,Positif,lumayan bagus kalo pengikut bak kayak seleb tiktok gak live
739,Positif,keren banget aplikasi menghasilkan uang aplikasi yuk masukin kode hack gbvqaecszxywb poin selamat mencoba
740,Positif,tolong stiker hadiah dihilangkan mengganggu banget
741,Positif,aplikasi bagus kasih bintang karna video gue gak fyp
742,Positif,bagus bngt menambah penghasilan kesini berkurang uang nonto menghilang menghasilkan uang tolong diperbaiki
743,Positif,kendala folback tetep aja ikuti
744,Positif,aplikasi suka terhibur tersendat sendat klik
745,Positif,bagus sebener pakai cari koin klik menit koin masuk tertulis menit bingung coba kali menit aja maksud gimana
746,Positif,bagus semoga ditingkatkan tiktok offline
747,Positif,aplikasi keren menonton video terimakasi tiktok
748,Negatif,download nyesel
749,Positif,bagus banget
750,Positif,pelayanan bagus tingkatkan konsumen puas
751,Positif,kasih gak hasilkan cuan tiktok pengguna bak dihilangkan dapatin cuan
752,Positif,kasih dikasih bonus tiktok dibagi
753,Positif,bak berita informasi tanggal kejadian fyp tiktok seharus menetapkan tanggal upload dimodif edit menimbulkan miss informasi gak buka draf
754,Positif,lumayan cepet ngasilin duit minggu selanjut
755,Positif,anoo tiktok bagus bak jamet yaa salah tiktok sih btw download aja glow canda
756,Positif,alhamdulillah setidak bak info berita viral
757,Positif,lumayan menghibur disaat stress menghadapi pandemi
758,Positif,mohon maaf kalo tulisan like mengetik cepat beristirahatlah susah buka sampe besok tolong beritahu pulih
759,Positif,pas post tiktok lgo masi diaplikasi tiktok galeri
760,Positif,sosial media tergantung pengguna bijaklah bersosial media
761,Positif,aplikasi sih bagus terhibur bikin tertawa senyum terkadang sedih video
762,Positif,halo tiktok memasukkan kode referall teman disitu tertulis lolos kontrol penipuan tolong proses terimakasih
763,Positif,ayo download tiktok bak video bagus menarik lupa masukan kode gbrnttzrrxyug uang tunai jutaan rupiah
764,Positif,mohon teliti memilah video muncul bak anak bermain tiktok video mengandung unsur pornografi ujaran kebencian kayak gitu gak diblokir upload video kucing laga makan video dibanned
765,Positif,koin hilang bulanan kalo nonton video menit koin gak update
766,Positif,install banget please dowlond please berhari berbulan aplikasi gak muncul layar wifi full tolong dibantu oke developer
767,Positif,min menit nonton menang point kalo nnton mochgilangprayoga
768,Negatif,akun tiktok bertambah poin event bonus tiktok mengklik iklan mendownload video pohon menonton video bertambah point akun tiktok
769,Positif,snackvideo aplikasi menghasilkan uang kode
770,Negatif,hmm didownload banget
771,Positif,terima kasih menonton klik koin tambahi bintang kalo kendala kasih bintang terima kasih
772,Positif,penarikan saldo kalo tambahkan dana bank aja orang akun dana premium nomor rekening bank tambahkan shopeepay gopay ovo
773,Positif,kasih bintang suka aplikasi diperbarui nonton video menit koin perbarui turun koin peroleh nonton kecewa sih good harapan diperbaiki biar bak instal aplikasi
774,Positif,gambar klik poin gak tolong admin memperbaiki nonton video gak point
775,Positif,akuin aplikasi tiktok emang bagus engga buka tiktok karna akun diblokir tiktok kecewa
776,Positif,pas buka tiktok komentar komentar gimana mohon dibantu hiburan bagus semoga diperbaiki min
777,Positif,aplikasi bagus sih tolong diubah penarikan dana dana premium karna bocil gak ktapi karna saldo ditiktok ribu lumayan beli paketan
778,Positif,tiktok gua susah susah gua folowers viwers like gak masuk akal tolong diperbaiki kalo perbaiki gua kasih bintang
779,Positif,memasukkan kode kesalahan jaringan harap coba
780,Positif,koin nonton tiktok
781,Positif,aplikasi bagus banget cuman hadiah undang teman distabilkan kangen tiktok
782,Positif,saran pemilik perusahaan tiktok indonesia mohon video video senonoh ijinkan upload bak anak anak main tiktok
783,Positif,suka tiktok karna muncul diberanda joget aja terkesan alay download karna koin isi tiktok bervariasi rupa faedah koin
784,Positif,kak tiktok gak masukan kode error
785,Positif,lumayan suka sihh inti bak pengetahuan
786,Positif,lumayan hasil nonton tiktok beli pulsa token lampu makasih tiktok
787,Positif,download
788,Positif,menghibur
789,Positif,aplikasi favorit scroll tiktok gak pendapatan iya gak fyp
790,Positif,bak video pencemaran nama
791,Positif,tolong tiktok mengembalika akun diblokir medari kesalahan tolong pertimbangkan terima kasih
792,Positif,masukan kode teman error kontrol penipuan brarti tiktok cuman ngeprank doang males ngundang teman masukan kode aja error
793,Positif,aplikasi keren terbukti membayar main koin susah mengumpulkan point tolong developer diperbesar koin koin bintang
794,Positif,bagus banget aplikasi tersenyum ketawa hidup seneng
795,Positif,pengguna bonus gak pas nyelesain misi gak maju pas masukin kode lolos kontrol penipuan maksud pengguna tolong admin diperbaiki biar warga puas kaya
796,Negatif,penghasilan tiktok susah sexi gitu
797,Positif,misi tiktok koin hadiah misi mohon penjelasan
798,Positif,koin bertambah event
799,Positif,bagus menang ngurusin orang tertarik iklan orang
800,Positif,aplikasi bermanfaat bak konten kreator membagikan ilmu agama bisnis skill tergantung memanfaatkan bilang jelek memperluas penggunaa
801,Positif,aplikasi terbukti membayar bantu ramein kak zngjpywt
802,Positif,okeh masuk fyp gue kasih bintang xixixi serius
803,Positif,rat permudah misi event iya ngundang orang coba kayak tiktok lite orang dijamin rat rat star
804,Positif,good lag sih patah patah tolong
805,Positif,duit tiktok terhibur
806,Positif,terhibur sih aplikasi digunain kak tambahan saldo
807,Positif,gak repot repot biat menghibur nonton video tiktok senang bagus banget aplikasi
808,Positif,pengembang tolong perbaiki aplikasi kesini bikin panas suhu panas over banget semoga masukan diperhatikan kemajuan
809,Positif,aplikasi keren habis bagus pokok maju tiktok
810,Positif,kak bonus koin gimana biar bonus
811,Positif,komenan gak disalin mohon diperbaiki
812,Positif,membantu kreator melurkan bakat terimakasih
813,Positif,nonton uang kesini nonton coba
814,Positif,bermanfaat hiburan hilangkan penat aktivitas
815,Positif,bagus puas banget aplikasi
816,Positif,tiktok gua gak tugas nonton sih
817,Positif,tiktok lag sil wifi bagus
818,Positif,suka aplikasi block gacha heat benci gacha heat gacha heat tiktok gacha heat
819,Positif,aplikasi bagus keren bak video bagus kreator kreator semenjak update akun bisnis akun kreator dikemanain tolong dikembalikan karna berguna kreator kreator akun bisnis sekian aplikasi bagus banget
820,Positif,bintang kalo akun bagus like nonton tambahkan
821,Positif,aplikasi emang bagus banget bray kalo gabut kalo gak gak mood coba aja nonton video ngakak sedih lupa pakai kode undangan gbylmasmzxyyt
822,Positif,aplikasi bagus banget suka update
823,Positif,kecewa susah upload video tiktok
824,Positif,aplikasi bagus banget kalo bikin video gak like
825,Positif,koin menonton video
826,Positif,bagus aplikasi banget
827,Positif,aplikasi jelek bohong suka banget
828,Positif,tiktok event juta harap event nonton uang teraplikasikan permanen teraplikasian bak orang orang mendownload tiktok karna menguntungkan menonton tiktok uang
829,Positif,aplikasi bagus kalo daftar gak
830,Positif,tiktok menghibur yes yaa lucu orang ngakak bagus unsur mengejek porno baju minim bahan orang suka fulgar cewek cantik orang dewasa risi lihat diseleksi tiktok disukai
831,Positif,aplikasi bagus bikin akun gapapa bagus
832,Positif,bagus gara gara parah parah bintang
833,Positif,pengisian saldo aplikasi
834,Positif,aplikasi bagus menghibur alasan kasih bintang kecewa penghasilan mengecil point tinggal point
835,Positif,please aplikasi mah kasih tau aja tolong sedot paketan kuota bak bagus sih rame mah ajah bagus paketan
836,Positif,ngeselin update mulu bagus sih kuota gue miris mulu kalo minggu update melulu
837,Positif,event menonton video koin gak
838,Positif,aplikasi tiktok bagus banget
839,Positif,love you tiktok mantep kemanan pengguna
840,Positif,lucu bagus
841,Positif,ajah koin gak coint nonton video
842,Positif,dear tiktok kasi bintang menarik ditiktok jujur aplikasi keren bagus kecewa tolong pulihkan akun biar menarik uang terimakasih
843,Positif,aplikasi keren menghasilkan duit pengguna menghasilkan koin tolong penjelasan
844,Positif,bantuan please koin bertambah nonton banget
845,Negatif,jelek
846,Positif,mengisi lupa
847,Positif,bagus sih tiktok lag gak
848,Positif,bermasalah koin berjalan direset ulang tetep gak tolong diperbaiki
849,Positif,hai tiktok akun grandelovmr gabisa post video berhari loh please ngonten
850,Positif,seneng suka main tiktok bak video keren pendek kasih bintang
851,Positif,mengasikkan semoga aplikasi like uang mudah
852,Positif,bintang kalo gampang cari koin nambah bintang
853,Positif,tiktok bagus tiktok gue lambat yah tergantung followers viewers orang bssa live menitan gue gak gimana
854,Positif,maaf gak kalo tiktok sediain fitur edit caption video upload pin komentar cuman iphone aja terima kasih
855,Positif,kak suka sih fitur but lag
856,Positif,aplikasi lumayan gak dapatin saldo
857,Positif,post video kena langgar mohon admin tiktok gitulah akun
858,Positif,bagus sih pake tiktok gaada tarik uang lancar gaada bonus koin nonton video sih kecewa
859,Positif,bagus bak ilmu suka quote galau haha pantau tiktokku embunrahmaa
860,Positif,aplikasi bagus kouta gak dibuka tulisa koneksi internet aplikasi gak cuman youtube playstore doang tolong perbaiki
861,Positif,aplikasi bagus orang orang berkreativitas sesuai aplikasi lapak kemaren rame sepi sedih banget sih
862,Positif,aplikasi bagus keren download cepat download
863,Positif,min kalo tarik uang pake dana premium
864,Positif,jelek banget bohong yakali jelek
865,Positif,bagus cuman ngikutin bak orang loh pas mencet mengikuti gak muncul video orang ikutin tolong benarkan
866,Negatif,koin nonton bgt
867,Positif,aplikasi menghibur hehe codef udwrdk pyvu
868,Positif,mohon maaf gak salin komentar
869,Positif,sebener aplikasini bagus sayang pengguna coint diperoleh misi menonton video pengguna antusias aplikasi coint didapatkan batasi perhari menit tolong dinaikan hadiah
870,Positif,sengaja dikasih bintang bonus tugas undang pengguna masuk tolong tiktok memperbaiki bug sekian terima kasih
871,Positif,aplikasi menghasilkan uang tukarkan point yuk masukan referal pqpvcepyzt biar menikmati point
872,Positif,akun jarang fyp akun xyzbca please fyp akun
873,Positif,lihat video lag internet aman
874,Positif,aplikasi bagus pendapatan perolehan koin bug gak muncul tolonglah admin diperbaiki sistem thank you kalo diperbaiki kasih bintang
875,Positif,pas kirim link tiktok buka tiktok rusak
876,Positif,durasi koin tonton tambahkan biar menghasilkan
877,Positif,aplikasi bagus banget
878,Positif,bagus cuman ngabisin paketan
879,Positif,tolong tiktok gak ganti akun dana ganti melampaui batas pembaruan tolong tiktok fitur ganti akun dana buatkan
880,Positif,bagus sayang narik pendapatana dana lengkap akun danan tolong akun dana dipersulit tiktok tolong penarika dana ajah kasih tau makasih
881,Positif,bintang karna komen video beranda terimahkasih
882,Positif,undangan teman
883,Positif,gak ngundang tarik saldo dapatkan koin
884,Positif,turunin karna follow hilang nonton ngak tiktokkan mei
885,Positif,kesempurnaan milik tuhan maaf kasih bintang
886,Positif,tolong bolehkan penarikan akun bank virtual mohon
887,Positif,suka aplikasi seru bak teman sayang gak masukin kode berharap banget
888,Positif,maaf pendatang tiktok pas banget salah hiburan diwaktu luang terimakasih tiktok
889,Positif,aplikasi susah dipahami koin uang
890,Positif,video jelek bohong hayu
891,Positif,aplikasi bagus bangat tertawa sakit perut percaya download aja tertawa senang banget
892,Positif,aplikasi jelek bohong
893,Positif,assalamualaikum admin tiktok mohon kembalikan kesempatan salah gara gara upload foto meninggal momen please kasih kesempatan admin tiktok kembalikan akun
894,Positif,video live gak disimpan beranda tiktok upgrade biar kesimpen diberanda
895,Positif,keren banget aplikasi bagus menghasilakan uang menghibur video
896,Positif,daftar tugas harian muncul koin bertambah
897,Positif,alhamdulillah aplikasi mengenal berdampak sebalik teruslah menarik berbau edukasi
898,Negatif,gua penguna kecewa karna dah gak event tau gak duit hasil menonton kasih bintang aja karna mengecewakan
899,Positif,kasih akun tiktok blokir permanen duet edukasi ketelanjangan pornografi beranda pertontonkan
900,Positif,ditiktok gak point klik tonton undang teman aja tolong perbaikin please sayang nonton doang point gak
901,Positif,aplikasi bingung pakai aplikasi lihat orang joget lagu jedag jedug
902,Positif,informasi berita viral dll poko seru memposting video loh
903,Positif,tiktok tolong kebijakan pengguna tiktok berusaha menarik point kumpulkan gagal menarik tolong tanggapi komentar komentar pusat bantuan aplikasi tiktok
904,Positif,emil dapatkan koin berulang kali riset ganti email payah
905,Positif,coba aja tau aplikasi membayar point tambahan kode undang nama diatas biar oke bonus
906,Positif,wes mantap pokok
907,Positif,great aplikasi misi menonton harian muncul bagaiman mengikuti misi tolong dibantu terima kasih
908,Positif,bagus kasih bintang kadang suka lag
909,Positif,tiktok aplikasi bagus menghibur sekian
910,Positif,dipantau hadiah gak kaya kadang error
911,Positif,cepat uninstall aplikasi tiktok dihack anonymous
912,Positif,halo tiktok menyelesaikan event mengundang pengguna hadiah ditarik penarikan gagal mohon dibantu mengirimkan umpan aplikasi tiktok tanggapan aplikasi mohon dibantu terima kasih
913,Positif,aplikasi bagus cuman sayang video gak masuk beranda tiktok fyp tolong tiktok video akun sugengrawuh masuk kedalam beranda tiktok fyp tambahkan bintang kalo video buatan fyp
914,Positif,lambang koin hilang tolong diperbaiki
915,Positif,nonton video dpt point gak kecewa kasih bintang aja
916,Positif,suka aplikasi bak event undang teman suka undang teman teman gak memasukan kode undangan download mohon diperbak event makasih
917,Positif,aplikasi bagus shadow ban please aja
918,Positif,logo koin susah banget muncul please tell koin muncul
919,Positif,aplikasi bagus kalo menoton bayar menurun pendapatan poin kalo bgitu install aplikasi uninstall aplikasi tolong kebijakan tiktok poin menurun
920,Positif,bagus banget
921,Positif,fitur point nonton video
922,Positif,alhamdulillah aplikasi membantu saldo gratis kecewa aplikasi sesuai ketaan invite teman bonus kecewa banget aplikasi
923,Positif,suka banget aplikasi kali bak video seharus ditampilkan suka aplikasi semoga bermanfaat
924,Positif,kasih bintang pointku berkurang ditambah aktif bak kode undangan masuk
925,Positif,puku gak misi lihat video menit sih
926,Positif,rujukan dapatkan hadiah
927,Positif,tiktok kalo aplikasi tolong diperbaiki penarikan undangan misi nonton lite misi nonton kemaren lite bak orang tiktok
928,Positif,bagus sih bingung masukin kode teman kode dibilang penipuan gimana
929,Positif,kirain bohongan terta terbukti membayar buruan masukan referall gbzc xmxywy point
930,Positif,seru hiburan pengetahuan karna video tetang pengetahuan
931,Positif,kesel aplikasi tiktok penghasilan ribuan pengurangan seribuan ratusan ngabisin kuota nonton tiktok tolong kalo gak niat kasih uang kasih koin
932,Positif,suka banget poko aplikasi
933,Positif,aplikasi membantu nol rupiah
934,Positif,mohon kebijaksanaan berkali kali mencoba memasukkan kode rujukan lulus konten penipuan pengguna
935,Positif,tolong kurangi iklan biar kasih bintang
936,Positif,event biar member semangat cari kerja susah jaman pandemi tiktok tenggelam
937,Positif,akun tiktok siaran langsung mac fitur siaran mac tersedia mohon diperbaiki terima kasih
938,Positif,aplikasi bagus nonton video menit cuman koin doang beda temen nonton menit koin mohon pemberitahuan pengertian semoga terimakasih
939,Positif,koin menonton video
940,Positif,bagus menemani gabut pandemi dirumah
941,Positif,ganggu banget kotak kado dipencet silang kepencet gitu
942,Positif,masukin kode susah banget point kado hmmm kalo normal kaya kasih bintang
943,Positif,kode duit gbpeeblxnpyt
944,Positif,aplikasi jelek banget bohong aplikasi bagus banget
945,Positif,suka banget aplikasi hraus install aplikasi loh hiburan gak move sedih ayo buruan download
946,Positif,lumayan gak jalan menit ditonton gak jalan error kah aplikasi
947,Positif,masukin kode error
948,Positif,assalamualaikum tiktok mengirim pesan pengikut ikuti mengirim pesan tiktok saudara
949,Positif,bagus sih ngehasilin uang nonton video doang kolom memasukkan kode tiktok mohon perbaiki bug yaa
950,Positif,kali penarikan gagal tolong kasih bintang kalo berhasil penarikan kasih full bintang
951,Positif,bagus sih nonton video gak point yah
952,Positif,sih keren tiktok sepi mulu capek ngedit video tolong
953,Positif,halo tiktok perbarui tiktok versi terbaru menginstal menghapus chace memori kosong koneksi stabil why tiktok
954,Positif,gak perbandingan koin rupiah biar cepat dapatin rupiah kasih bintang makasih
955,Positif,bang duit
956,Positif,asik koin tolong biar duit nonton
957,Positif,ngebales komentar orang creator gimana dah upgrade tetep gak
958,Negatif,aplikasi jelek
959,Positif,aplikasi bagus
960,Positif,bagus
961,Positif,suka
962,Negatif,aplikasi jelek
963,Positif,mantap
964,Positif,kreaktif menghibur
965,Positif,bagus
966,Positif,mantap
967,Positif,hmm bagus aplikasi tiktok good joob
968,Positif,suka
969,Positif,mantap poko
970,Positif,terimakasih
971,Positif,suka tiktok bagus
972,Positif,bagus banget
973,Positif,bagus banget
974,Positif,aplikasi bagus banget
975,Positif,
976,Positif,suka beautiful place
977,Positif,bagus
978,Positif,suka aplikasi
979,Positif,suka
980,Positif,seru banget lihat doang
981,Positif,bagus aplikasi
982,Positif,terbaik
983,Positif,good
984,Positif,video bagus
985,Negatif,buruk
986,Positif,terbaik
987,Positif,mantap menghibur
988,Positif,bagus banget
989,Positif,aplikasi bagus bikin anak dibawah umur goblok tolong filter umur diperbagus rusak generasi bangsa bak anak dibawah umur ngebet tenar bikin ilfeel bangsat
990,Positif,wow bagus bagus banget
991,Negatif,pakai email
992,Positif,menghibur
993,Positif,terima kasih
994,Positif,menarik
995,Positif,kelak salah rumah apartemen like show the world fitnes
996,Negatif,konyol
997,Positif,rekomendasi banget
998,Positif,suka
999,Positif,aplikasi orang gabut
1000,Positif,bagus banget
1001,Positif,bagus
1002,Positif,menghibur
1003,Positif,jelek banget like bohong
1004,Positif,bagus
1005,Positif,tiktok
1006,Positif,suka
1007,Positif,tiktok bagus kalou main tiktok pake saru sara
1008,Positif,balikin akun bayu
1009,Positif,like
1010,Positif,oke
1011,Positif,rekomendasi banget
1012,Positif,good
1013,Positif,halo nama rani suka aplikasi aplikasi bagus
1014,Positif,tiktok keren kak
1015,Negatif,aplikasi jelek sumpah
1016,Positif,keren
1017,Positif,aplikasi bagus
1018,Positif,bagus
1019,Positif,aplikasi bagus banget
1020,Positif,
1021,Positif,suka tiktok fan bertambah
1022,Positif,pokok bagus
1023,Positif,mantap
1024,Positif,oke
1025,Negatif,jelek banget
1026,Positif,suka
1027,Positif,gila sih
1028,Positif,suka tiktok
1029,Positif,bagus
1030,Positif,seru banget
1031,Positif,keren
1032,Positif,puas
1033,Positif,bagus
1034,Positif,tiktok bagus ketemu cowok ganteng
1035,Positif,seru memuaskan
1036,Negatif,suka aplikasi
1037,Positif,tolong perbaikin aplikasi buka kasih bintang
1038,Positif,bagus bangat nyesel donwload tiktok
1039,Positif,senang
1040,Positif,mengikuti tiktok
1041,Positif,bagus banget
1042,Negatif,kode undangan dimasukkin tolol
1043,Negatif,aplikasi payah download
1044,Positif,seru banget main kalo mood
1045,Positif,suka aplikasi
1046,Positif,mantap bagus
1047,Positif,suka banget
1048,Positif,aplikasih bagus
1049,Positif,star like just for you
1050,Positif,
1051,Positif,bagus
1052,Positif,keren
1053,Negatif,aplikasi download
1054,Positif,keren tiktok
1055,Positif,lucu
1056,Negatif,tiktok kesini kaya tai
1057,Positif,keren
1058,Positif,keren
1059,Positif,suka tiktok kelas suka main tiktok umur main tiktok kasih bintang tiktok tiktok menarik
1060,Positif,bagus keren
1061,Positif,aplikasi jelek banget bohong
1062,Positif,bagus banget suka aplikasi filter bagus bagus karna suka banget aplikasi kasih bintang
1063,Positif,bagus
1064,Positif,bagus banget
1065,Positif,bagus banget
1066,Positif,suka aplikasi menghibur kreatif banget suka
1067,Positif,mantap
1068,Positif,menghibur
1069,Positif,tiktok bagus
1070,Positif,suka banget tiktok karna ketemu pop kayak bts blackpink itzy dll
1071,Positif,idih keren
1072,Positif,tiktok bagus banget sumpah download
1073,Positif,bagus
1074,Positif,bagus
1075,Positif,bagus banget suka watermark aja
1076,Positif,
1077,Positif,aplikasi bagus
1078,Negatif,report orang rasis dibilang kesalahan giliran kasih bintang dibanned lawak tiktok
1079,Positif,aplikasi terbaik
1080,Positif,bagus menarik
1081,Positif,keren bagus
1082,Positif,like you tiktok
1083,Positif,mantap bos
1084,Positif,aplikasi menghibur menghasilkan
1085,Positif,tiktok mantap
1086,Positif,tiktok keren
1087,Positif,bagus
1088,Positif,lumayan
1089,Negatif,tiktok busuk
1090,Positif,suka lagu
1091,Positif,suka
1092,Positif,asik
1093,Positif,suka banget
1094,Positif,ayo pilih tiktok
1095,Positif,bagus
1096,Negatif,point bye banget
1097,Positif,like
1098,Positif,bagus banget wajib download
1099,Positif,aplikasi bagus
1100,Positif,bagus
1101,Positif,mantap kali
1102,Positif,aplikasi mantap
1103,Positif,bagus
1104,Positif,keren lucu
1105,Positif,good
1106,Positif,hebat
1107,Positif,suka
1108,Positif,aplikasi menghibur
1109,Positif,bagus
1110,Positif,suka aja menghibur
1111,Positif,coba coba ketagihan tiktok good cute
1112,Positif,mudah mudahan maju
1113,Positif,bagus
1114,Positif,bagus
1115,Positif,sip
1116,Positif,suka
1117,Positif,mantap
1118,Negatif,tiktok eror follow orang adik akun tolong diperbaiki
1119,Negatif,kecewa pesen barang tiktok shop transfer pembayaran pemberitahuan tiktok terkonfirmasi pembayaran nomer rekening sesuai tujuan alhasil uang hilang
1120,Positif,mantap
1121,Positif,seru video
1122,Positif,good banget
1123,Positif,good like
1124,Positif,suka mainan
1125,Positif,fyp gua pokok
1126,Positif,makasih suka aplikasi
1127,Positif,bagus
1128,Negatif,aplikasi kesini buka kembangin updete aja
1129,Positif,suka tiktok karna efek bagus
1130,Negatif,kasian lihat anak rusak malu
1131,Positif,bagus banget
1132,Positif,bagus banget
1133,Positif,menghilangi bosan
1134,Positif,bagus
1135,Positif,bagus
1136,Positif,simpel suka tiktok
1137,Positif,suka
1138,Positif,bagus
1139,Positif,menghibur semoga cepat tanggap laporan user content creator menyimpang
1140,Positif,aplikasi bagus banget bak fitur
1141,Positif,senang mempui aplikasi tiktok
1142,Positif,menghibur kondisi pandemi
1143,Negatif,aplikasi pembodohan
1144,Positif,terimakasih
1145,Negatif,kalo event selesai suka ubah aplikasi
1146,Negatif,jelek
1147,Positif,seru
1148,Positif,good job
1149,Positif,menyenangkan bermain tiktok melepas penat
1150,Positif,keren
1151,Positif,sayangkan banget
1152,Positif,bingung berkomentar
1153,Positif,suka
1154,Positif,bagus banget kamera
1155,Positif,permainan jelek bohong
1156,Positif,tiktok
1157,Positif,bagus
1158,Positif,good bagus
1159,Positif,suka
1160,Positif,keren
1161,Positif,bagus
1162,Negatif,sulit
1163,Positif,suka
1164,Positif,aplikasi bagus fyp
1165,Positif,bagus pengunaan paket kurangin dikit
1166,Positif,bagus
1167,Positif,bagus banget aplikasi
1168,Positif,bagus
1169,Positif,mohon mendownload meyesal
1170,Positif,bagus tetep man tiktok makasih
1171,Positif,kasih bintang aja
1172,Positif,suka bagus banget
1173,Positif,suka penghilang bete
1174,Positif,suka pakai positif alhamdulilah semoga terhibur
1175,Positif,bagus banget
1176,Positif,membantu
1177,Positif,bagus banget
1178,Positif,keren menghibur
1179,Positif,bagus banget makasih
1180,Positif,
1181,Positif,bagus banget
1182,Negatif,aplikasi jelek banget
1183,Positif,bagus banget
1184,Positif,seru
1185,Positif,bagus
1186,Positif,suka lagu
1187,Positif,menyenangkan
1188,Negatif,titok lucu
1189,Positif,suka tiktok
1190,Positif,seru banget
1191,Positif,
1192,Positif,karna exo download sehun tiktok
1193,Positif,yes
1194,Positif,tiktok
1195,Positif,praktis emang
1196,Positif,bagus
1197,Positif,like this
1198,Positif,bagus
1199,Positif,mantap
1200,Positif,aplikasi bagus
1201,Positif,bagus
1202,Negatif,kasih bintang aja
1203,Positif,bagus banget
1204,Positif,asli
1205,Positif,cakep
1206,Positif,pokok download
1207,Negatif,nyesel download tiktok bak koin blokir koin permanen
1208,Positif,mantap
1209,Positif,suka banget
1210,Positif,top
1211,Positif,bagus kaleng kaleng
1212,Positif,suka
1213,Positif,aplikasi bagus
1214,Positif,bagus banget
1215,Positif,seru banget
1216,Positif,mantap
1217,Positif,keren banget
1218,Positif,bagus
1219,Negatif,benci tiktok mebanned bocil alasan aplikasi ban
1220,Positif,mantap
1221,Negatif,aplikasi upload banget
1222,Positif,tiktok bagus
1223,Positif,bagus banget
1224,Positif,bagus banget
1225,Positif,main tiktok asik
1226,Negatif,fitur download aduh
1227,Positif,bagus
1228,Positif,aplikasi jelek banget bohong download aplikasi bagus banget
1229,Negatif,aplikasi perusak bangsa
1230,Positif,bagus suka video
1231,Positif,aplikasi keren
1232,Positif,bagus banget
1233,Positif,top
1234,Positif,kasih bintang
1235,Positif,bagus
1236,Positif,oke
1237,Positif,menghibur
1238,Positif,iya bagus
1239,Positif,bagus banget
1240,Positif,bagus
1241,Positif,bagus tiktok suka
1242,Positif,bagus
1243,Positif,aplikasi tiktok bagus
1244,Negatif,bak umbar aurat
1245,Positif,keren
1246,Positif,bagus banget keren follow bak like
1247,Positif,bagus
1248,Positif,bagus
1249,Positif,lucu menyenangkan
1250,Positif,bagus
1251,Positif,keren banget
1252,Positif,bagus
1253,Positif,mantap
1254,Negatif,direkomendasikan
1255,Positif,bagus
1256,Positif,bagus
1257,Positif,tiktok
1258,Positif,bagus
1259,Positif,aplikasi bagus
1260,Positif,penghibur banget sih
1261,Positif,good aplikasi
1262,Positif,aplikasi bagus belom download
1263,Positif,bagus banget
1264,Positif,hiburan batas
1265,Positif,jelek banget bohong aplikasi bagus banget
1266,Positif,bagus
1267,Negatif,tolong diteliti tiktok berbau porno
1268,Positif,menghibur banget sih bolos dare
1269,Positif,seru bosen
1270,Negatif,tiktok aplikasi goblok
1271,Positif,the best banget
1272,Positif,suka
1273,Negatif,sumpah jelek banget
1274,Positif,aplikasi bagus
1275,Positif,terbaik
1276,Positif,tiktok bagus
1277,Positif,bagus
1278,Positif,bagus banget download nyesel
1279,Positif,menarik
1280,Positif,keren
1281,Positif,bikin otak fresh
1282,Negatif,aja
1283,Positif,bagus banget
1284,Positif,keren
1285,Positif,suka banget
1286,Positif,
1287,Positif,sukak
1288,Negatif,aplikasi menyesatkan
1289,Negatif,woy tiktok post aplikasi tolong diperbaiki
1290,Positif,sip
1291,Negatif,jelek
1292,Positif,makasih tiktok
1293,Positif,yes
1294,Positif,senang
1295,Positif,mantap
1296,Positif,bagus
1297,Positif,bagus
1298,Positif,
1299,Positif,bagus
1300,Negatif,lag gimana sih daftar masuk gimana sih jaringan stabill
1301,Positif,good
1302,Positif,menarik menyenangkan
1303,Positif,seru banget
1304,Positif,tiktok bagus
1305,Positif,
1306,Positif,tiktok
1307,Positif,aja
1308,Positif,bagus
1309,Positif,mantap
1310,Positif,mengasyikan bermain tiktok betah
1311,Positif,blokir aplikasi gak salah salah pengguna kalok penggu bijak pakai aplikasi mah aja pengguna
1312,Positif,like
1313,Positif,kamera blur
1314,Positif,aplikasi bagus banget suka
1315,Positif,suka
1316,Positif,senang
1317,Positif,bagus baget
1318,Positif,bagus
1319,Positif,bagus keren good
1320,Negatif,aplikasi error
1321,Negatif,aplikasi rasis
1322,Negatif,goblok
1323,Negatif,error
1324,Negatif,busuk
1325,Positif,nice
1326,Negatif,asik
1327,Positif,senang banget aplikasi follow akun nama fani
1328,Positif,bagus
1329,Positif,
1330,Positif,
1331,Positif,tiktok terbaik
1332,Positif,lumayan bang tiktok
1333,Positif,bagus
1334,Positif,bagus
1335,Negatif,mutu
1336,Negatif,maaf tiktok kasih bintang kalo fitur dislike voice note coment kasih bintang bintang aja
1337,Negatif,anjing
1338,Positif,bagus
1339,Positif,suka
1340,Positif,tiktok keren
1341,Positif,good aplikasi
1342,Positif,bagus banget
1343,Positif,bagus
1344,Positif,aplikasi memuaskan
1345,Positif,banget
1346,Negatif,aja
1347,Positif,sip
1348,Positif,bagus
1349,Positif,bagus banget komplit
1350,Positif,keren
1351,Positif,bagus
1352,Positif,terbaik
1353,Negatif,aplikasi pembawa dosa
1354,Positif,aplikasi bagus aplikasi menghibur semoga install
1355,Positif,bagus
1356,Positif,bagus aplikasi
1357,Positif,suka
1358,Positif,
1359,Positif,bagus banget menghiburr
1360,Negatif,menarik
1361,Positif,menyenangkan pokok bikin happy
1362,Positif,bak video lucu lucu suka aplikasi
1363,Positif,seru banget
1364,Positif,keren kreasi anak bangsa
1365,Positif,tiktok bagus
1366,Positif,suka
1367,Positif,bagus
1368,Positif,aplikasi bagus
1369,Positif,suka
1370,Positif,bagus bagus bagus
1371,Positif,menyenangkan
1372,Positif,tiktok bagus kasih bintang tertarik tiktok makasih
1373,Negatif,jelek banget
1374,Negatif,aplikasi tolol
1375,Positif,tiktok blokir
1376,Positif,bagus
1377,Positif,seru baget
1378,Positif,mantap kali
1379,Negatif,suka
1380,Positif,mantap menghibur
1381,Positif,bagus
1382,Positif,aplikasi keren
1383,Positif,good
1384,Positif,aplikasi jelek bohong
1385,Positif,hai name sabrina anatasya for indonesia oke suka banget tiktok bikin konten tiktok follow tiktok nama agitha and asyifaku oke godd bye asalamualaikum
1386,Positif,seneng banget aplikasi tiktok hiburan keluarga
1387,Positif,lucu banget
1388,Negatif,jelek
1389,Positif,dear tiktok muhammad rhobit bintang aplikasi semoga man senang bermain aplikasi terimakasih
1390,Positif,keajaiban tiktok hati sedih bahagia pacar selingkuhan bak teman kreatif bak orang gila
1391,Positif,aplikasi bagus banget
1392,Positif,
1393,Negatif,jelek banget
1394,Positif,senang tiktok mengibur
1395,Positif,aplikasi bagus menghibur
1396,Positif,assalamuallaikum suka aplikasi tiktok
1397,Positif,suka
1398,Positif,the best
1399,Positif,menghibur
1400,Positif,bagus banget
1401,Positif,keren
1402,Negatif,tiktok shop buka keranjang kuning milih barang dibeli tolong cek terimakasih
1403,Positif,tiktok asik banget loh
1404,Positif,bagus
1405,Positif,mantap
1406,Positif,seru tiktok
1407,Positif,suka tiktok
1408,Positif,mantap bintang
1409,Positif,oke
1410,Positif,bagus
1411,Positif,aplikasi tiktok bagus seru pokok membosankan
1412,Positif,tiktok bagus banget
1413,Positif,suka tiktok
1414,Positif,bagus
1415,Positif,terta tiktok inspirasi bagus tiktok
1416,Positif,download nyesel
1417,Positif,bagus
1418,Negatif,video disuruh hapus gara gara memenuhi syarat wtf
1419,Positif,nice aplikasi
1420,Positif,pokok bagus
1421,Negatif,tolong perbaiki troli belanja terbuka memuat
1422,Positif,mantap
1423,Positif,anak tiktokk check
1424,Positif,puas
1425,Positif,keren
1426,Positif,bagus
1427,Positif,suka aplikasi
1428,Positif,good
1429,Positif,keren
1430,Negatif,pencet akun hilang tolong perbaiki yah
1431,Negatif,kasih bintang suka banget tiktok
1432,Positif,good
1433,Negatif,aplikasi jelek
1434,Positif,tiktok
1435,Positif,tiktok teman bosan mempui followers bak terimakasih tiktok
1436,Positif,suka banget
1437,Negatif,aplikasi jelek
1438,Positif,bagus
1439,Positif,game enak banget
1440,Positif,suka
1441,Negatif,tolong benerin tiktok video
1442,Positif,transisi slow motion keren
1443,Positif,hiburan jam kosong
1444,Positif,mantap
1445,Positif,aplikasi bagus banget
1446,Positif,aplikasi bagus
1447,Positif,tiktok bagus kasih bintang
1448,Positif,berkerja
1449,Positif,bagus banget
1450,Positif,iya
1451,Positif,bagus
1452,Positif,spektakuler
1453,Negatif,bak kemaksiatan tergantung pengguna
1454,Negatif,tolol
1455,Positif,kasih bintang bagus kasih bintang
1456,Positif,aplikasi bagus bnget
1457,Negatif,aplikasi buruk menghabiskan kouta
1458,Positif,seru banget tiktok bikin happy
1459,Positif,bagus
1460,Negatif,tiktok
1461,Positif,suka hiburan pengetahuan bak lihat aplikasi
1462,Positif,download aplikasi aplikasi jelek banget bohong
1463,Negatif,isi makhluk bodoh monyet
1464,Positif,bagus
1465,Negatif,bagus
1466,Negatif,tiktok lemot kondisi sil bagus update play video lag
1467,Positif,senang video video keren
1468,Positif,aplikasi bagus
1469,Positif,suka aplikasi
1470,Positif,aplikasi bagus
1471,Positif,zulfa anggraini bintang aplikasi semoga man senang bermanfaat aplikasi terimkasih
1472,Positif,senang
1473,Positif,iove
1474,Positif,suka tiktok
1475,Negatif,lag aplikasi buka
1476,Positif,nice
1477,Positif,assalamu alaikum nama andi rini kasi bintang karna suka tiktok
1478,Negatif,aplikasi lawak lihat youtube aplikasi penghasil uang ketemu tiktok legit membayar scam ketaan download pakai link daftar suruh masukin kode bilang penipuan kontrol maksud gimana aja main tiktok masukin kode aplikasi aneh scam bakin pengguna doang nipu video konten fulgar tolol
1479,Negatif,aplikasi terkadang konten penipuan
1480,Negatif,saldo gagal tarik xiomi dah masukin referal nonton video kesini susah group penghasil uang tiktok bubar mohon kembalikan
1481,Negatif,halo gimana tiktok masak penarikan saldo masuk kemarin butuh banget tolong kejelasan susah payah undang orang giliran penarikn saldo masuk tolong perbaiki pengguna kapok nonton orang joget tertarik hasil iming tiktok tetep yaaa lihat aplikasi
1482,Negatif,tolong video giveaway uang blokir aja bak aja orang pengemis komentar dihilangkan aja biar netizen jahat komen biar bikin malu tulisan busuk netizen nama indonesia
1483,Negatif,emang tertarik tagar konten orang dimasukin blok orang pake tagar masuk tiktok sih suka kapal dimasukin fyp
1484,Negatif,aplikasi buruk tidakseru lihat lihat bilang aplikasi buruk seru
1485,Negatif,tiktok kayak sampah masukin kode gagal mulu penipuan mulu emang nipu darimana masukin kode hilang lumayan uang nambah
1486,Negatif,bismillah download aplikasi mengontrol dirimu aplikasi bak konten konten negatif ketahuilah raja mempui larangan larangan allah diharamkan dosa mendekati dosa dosa jariyah
1487,Negatif,hei bikin aplikasi bener tiktok seharus memuaskan pelanggan berpartisipasi maju coba lihat likee meningkatkan aplikasi tamu tamu laci man tingkatkan tamu man aplikasi tiktok wassalamualaikum warahmatullahi wabaraka bye see you
1488,Negatif,tiktok hadiah undang teman memproses misi menonton video hilang misi undang teman dipikir mudahkah cari pengguna susah orang terkenal kaya misi nonton video balikin dikit lumayan cuman point sehari
1489,Negatif,maaf admin terhormat susah memasukan kode undangan persulit biar pengguna tiktok bak kalah bersaing snack video
1490,Negatif,nyesel banget instal aplikasi ngabisin kuota iming event undang temen masukin kode aja susah error trus aplikasi penipu
1491,Negatif,please pulihkan akun kasih kesempatan hapus video ditiktok akun diblokir banget aplikasi akun digembok pulihkan kasih bintang awas aja data disalahgunakan
1492,Negatif,aplikasi beli coin masuk coin aplikasi tiktok tolong perbaiki pembelian coin rugi
1493,Negatif,bagus banget bohong aplikasi jelek bak kaum perempuan menyebar aurat ditutup
1494,Negatif,sepakat anak aktif tiktok anak mengembangkan bakat imajinasi hapus aja aplikasi kalangan bak konten porno laporkan tanggapan melanggar panduan komunitas tanggapan konten laporkan porno harap ditinjau ulang berharap konten porno ban biar orangtua man anak bermain tiktok
1495,Negatif,system panduan komunitas upload berbaur kejahatan kekerasan konten sexsual bak bak konten menonjolkan alat vital aman aja dihapus upload video aja hapus dibanned kontol konsisten kalo bikin peraturan payah tajam kebawah tumpul
1496,Negatif,admin tiktok kompeten kerjaan nge blokir akun akun dilaporin alasan melanggar panduan admin tiktok membedakan konten melanggar konten disukai selera orang karna dilapangan bak konten blokir fullguard semoga admin tiktok baca
1497,Negatif,tergoda bonus alias bohong event nonton video cek masukin kode undangan cuman mengambil keuntungan download aplikasi playstore
1498,Negatif,aplikasi penipu iming iming event ngundang temen hadiah pas ngundang bacaan error lolos tolong playstore ditindak
1499,Negatif,ngelapor pornografi mempan
